fid,datum,pc,plaats,long,lat,aantal
1,202005040000,1000,Bruxelles,4.351697,50.8465573,1
2,202005040001,1020,Laeken,4.3487134,50.883392,1
3,202005040002,1030,Schaerbeek,4.3737121,50.8676041,1
4,202005040003,1040,Etterbeek,4.3895104,50.8368511,1
5,202005040004,1050,Ixelles,4.3815707,50.8222854,1
6,202005040005,1060,Saint-Gilles,4.345668,50.8267409,1
7,202005040006,1070,Anderlecht,4.3123401,50.8381411,1
8,202005040007,1080,Molenbeek-Saint-Jean,4.3227779,50.8543551,1
9,202005040008,1081,Koekelberg,4.3257084,50.8622633,1
10,202005040009,1082,Berchem-Sainte-Agathe,4.292702,50.8639835,1
11,202005040010,1083,Ganshoren,4.3175103,50.8712396,1
12,202005040011,1090,Jette,4.3260903,50.8777634,1
13,202005040012,1120,Neder-Over-Heembeek,4.3904888684211,50.89779605,1
14,202005040013,1130,Haren,4.4125708732431,50.8919661,1
15,202005040014,1140,Evere,4.4021602,50.8704524,1
16,202005040015,1150,Woluwe-Saint-Pierre,4.4432967,50.8292429,1
17,202005040016,1160,Auderghem,4.4331389,50.8156571,1
18,202005040017,1170,Watermael-Boitsfort,4.4158177,50.799394,1
19,202005040018,1180,Uccle,4.3372348,50.8018201,1
20,202005040019,1190,Forest,4.3177512,50.8091426,1
21,202005040020,1200,Woluwe-Saint-Lambert,4.4284842,50.8466928,1
22,202005040021,1210,Saint-Josse-Ten-Noode,4.3723364,50.8530739,1
23,202005040022,1500,Halle,4.2374349,50.7360524,1
24,202005040023,1501,Buizingen,4.2605080818496,50.73793415,1
25,202005040024,1502,Lembeek,4.2143430588907,50.7092954,1
26,202005040025,1540,Herfelingen,4.0974868,50.747729,1
27,202005040026,1540,Herne,4.0260115663497,50.72329555,1
28,202005040027,1541,Sint-Pieters-Kapelle,3.9985766720315,50.70721955,1
29,202005040028,1547,Biévène,3.943147,50.7164481,1
30,202005040029,1560,Hoeilaart,4.474407,50.7674846,1
31,202005040030,1570,Galmaarden,3.9709983,50.7527192,1
32,202005040031,1570,Tollembeek,4.004789341376,50.7430853,1
33,202005040032,1570,Vollezele,4.0247359,50.76088,1
34,202005040033,1600,Oudenaken,4.1958992,50.7804875,1
35,202005040034,1600,Sint-Laureins-Berchem,4.1993838,50.7877313,1
36,202005040035,1600,Sint-Pieters-Leeuw,4.2452186173064,50.78118355,1
37,202005040036,1601,Ruisbroek,4.298610469732,50.7848617,1
38,202005040037,1602,Vlezenbeek,4.2360410720845,50.805593,1
39,202005040038,1620,Drogenbos,4.3173542,50.786532,1
40,202005040039,1630,Linkebeek,4.3345641,50.7716092,1
41,202005040040,1640,Rhode-Saint-Genèse,4.3463687,50.74503,1
42,202005040041,1650,Beersel,4.3051321494591,50.7684432,1
43,202005040042,1651,Lot,4.2729986221483,50.76514035,1
44,202005040043,1652,Alsemberg,4.3281703413079,50.7449476,1
45,202005040044,1653,Dworp,4.2950152833964,50.73423975,1
46,202005040045,1654,Huizingen,4.2732545968764,50.74931535,1
47,202005040046,1670,Bogaarden,4.1367803,50.7398062,1
48,202005040047,1670,Heikruis,4.1126567,50.7348458,1
49,202005040048,1670,Pepingen,4.1785882891377,50.7511702,1
50,202005040049,1671,Elingen,4.174198071757,50.7793527,1
51,202005040050,1673,Beert,4.1853449364222,50.7354888,1
52,202005040051,1674,Bellingen,4.1601450278998,50.73779765,1
53,202005040052,1700,Dilbeek,4.2657299667643,50.84408625,1
54,202005040053,1700,Sint-Martens-Bodegem,4.2150592,50.8627233,1
55,202005040054,1700,Sint-Ulriks-Kapelle,4.2206526,50.8800337,1
56,202005040055,1701,Itterbeek,4.2501187,50.8395994,1
57,202005040056,1702,Groot-Bijgaarden,4.2635668372339,50.8714357,1
58,202005040057,1703,Schepdaal,4.195149072634,50.8363077,1
59,202005040058,1730,Asse,4.1804375072845,50.913594,1
60,202005040059,1730,Bekkerzeel,4.2381789,50.8853713,1
61,202005040060,1730,Kobbegem,4.2496669,50.9091629,1
62,202005040061,1730,Mollem,4.2239826,50.9328497,1
63,202005040062,1731,Relegem,4.2790265927797,50.9019808,1
64,202005040063,1731,Zellik,4.2744185,50.8842475,1
65,202005040064,1740,Ternat,4.1834171401216,50.87155835,1
66,202005040065,1741,Wambeek,4.1646372476962,50.85672975,1
67,202005040066,1742,Sint-Katherina-Lombeek,4.1535568,50.8726659,1
68,202005040067,1745,Mazenzele,4.1717632,50.9428791,1
69,202005040068,1745,Opwijk,4.1896665,50.9690529,1
70,202005040069,1750,Gaasbeek,4.1888025,50.7998923,1
71,202005040070,1750,Lennik,4.1648626,50.8085632,1
72,202005040071,1750,Sint-Kwintens-Lennik,4.1456163063499,50.81145495,1
73,202005040072,1750,Sint-Martens-Lennik,4.1695303908975,50.8115319,1
74,202005040073,1755,Gooik,4.1029840674511,50.7979738,1
75,202005040074,1755,Kester,4.1212845,50.7631284,1
76,202005040075,1755,Leerbeek,4.1192641,50.7773538,1
77,202005040076,1755,Oetingen,4.0614624,50.7720719,1
78,202005040077,1760,Onze-Lieve-Vrouw-Lombeek,4.1119573,50.8220387,1
79,202005040078,1760,Pamel,4.0820664787057,50.83471975,1
80,202005040079,1760,Roosdaal,4.0972238,50.8341383,1
81,202005040080,1760,Strijtem,4.1145703,50.8405541,1
82,202005040081,1761,Borchtlombeek,4.1369148649611,50.84817805,1
83,202005040082,1770,Liedekerke,4.0860754,50.8711313,1
84,202005040083,1780,Wemmel,4.3108723,50.9145955,1
85,202005040084,1785,Brussegem,4.2658869,50.9277713,1
86,202005040085,1785,Hamme,4.1202807810427,51.0881618,1
87,202005040086,1785,Merchtem,4.2327769,50.9591981,1
88,202005040087,1790,Affligem,4.1174675,50.9035063,1
89,202005040088,1790,Essene,4.1390421,50.8973851,1
90,202005040089,1790,Hekelgem,4.1118354895388,50.9137991,1
91,202005040090,1790,Teralfene,4.09834,50.8921419,1
92,202005040091,1800,Peutie,4.4551981,50.9271744,1
93,202005040092,1800,Vilvoorde,4.4329052514838,50.92813655,1
94,202005040093,1820,Melsbroek,4.4758811,50.9170725,1
95,202005040094,1820,Perk,4.4960702,50.9331623,1
96,202005040095,1820,Steenokkerzeel,4.5110471,50.9093488,1
97,202005040096,1830,Machelen,4.4353614,50.9124219,1
98,202005040097,1831,Diegem,4.4365042,50.8945555,1
99,202005040098,1840,Londerzeel,4.2990729416338,51.0122466,1
100,202005040099,1840,Malderen,4.2437819,51.0198436,1
101,202005040100,1840,Steenhuffel,4.2624672,50.9944384,1
102,202005040101,1850,Grimbergen,4.4013732626459,50.95030565,1
103,202005040102,1851,Humbeek,4.3777599282045,50.9728229,1
104,202005040103,1852,Beigem,4.3638682,50.9527061,1
105,202005040104,1853,Strombeek-Bever,4.342355501959,50.91096285,1
106,202005040105,1860,Meise,4.3287322,50.9341625,1
107,202005040106,1861,Wolvertem,4.3085198,50.9510266,1
108,202005040107,1880,Kapelle-Op-Den-Bos,4.3599725,51.0131904,1
109,202005040108,1880,Nieuwenrode,4.3512293,50.9799835,1
110,202005040109,1880,Ramsdonk,4.3374964007802,51.0114961,1
111,202005040110,1910,Berg,5.1521172,51.1695659,1
112,202005040111,1910,Buken,4.617418,50.937546,1
113,202005040112,1910,Kampenhout,4.5711630873694,50.94924405,1
114,202005040113,1910,Nederokkerzeel,4.5645096,50.9190127,1
115,202005040114,1930,Nossegem,4.5081025949464,50.88499735,1
116,202005040115,1930,Zaventem,4.4745515,50.8804355,1
117,202005040116,1932,Sint-Stevens-Woluwe,4.4359939711919,50.8662434,1
118,202005040117,1933,Sterrebeek,4.5157438438279,50.85395875,1
119,202005040118,1950,Kraainem,4.4691371,50.8606105,1
120,202005040119,1970,Wezembeek-Oppem,4.4871796,50.8440554,1
121,202005040120,1980,Eppegem,4.4556575,50.961429,1
122,202005040121,1980,Zemst,4.44412333945,50.9865028,1
123,202005040122,1981,Hofstade,4.5042526607237,50.9939033,1
124,202005040123,1982,Elewijt,4.5075638918541,50.96953845,1
125,202005040124,1982,Weerde,4.479869,50.9722782,1
126,202005040125,2000,Antwerpen,4.3997081,51.2211097,1
127,202005040126,2018,Antwerpen,4.3997081,51.2211097,1
128,202005040127,2020,Antwerpen,4.3997081,51.2211097,1
129,202005040128,2030,Antwerpen,4.3997081,51.2211097,1
130,202005040129,2040,Antwerpen,4.3997081,51.2211097,1
131,202005040130,2040,Berendrecht,4.319401,51.3455396,1
132,202005040131,2040,Lillo,4.2900122,51.3045534,1
133,202005040132,2040,Zandvliet,4.2836261784487,51.35984975,1
134,202005040133,2050,Antwerpen,4.3997081,51.2211097,1
135,202005040134,2060,Antwerpen,4.3997081,51.2211097,1
136,202005040135,2070,Burcht,4.3416362,51.2028046,1
137,202005040136,2070,Zwijndrecht,4.3188693282188,51.23062085,1
138,202005040137,2100,Deurne,4.4695254092764,51.2115284,1
139,202005040138,2110,Wijnegem,4.5225318,51.2270761,1
140,202005040139,2140,Borgerhout,4.4403895064496,51.21029905,1
141,202005040140,2150,Borsbeek,4.488953,51.1928907,1
142,202005040141,2160,Wommelgem,4.5238022,51.2031044,1
143,202005040142,2170,Merksem,4.4453401635115,51.24994295,1
144,202005040143,2180,Ekeren,4.4322870782182,51.2842045,1
145,202005040144,2200,Herentals,4.83464460985,51.1855514,1
146,202005040145,2200,Morkhoven,4.8207801,51.1203399,1
147,202005040146,2200,Noorderwijk,4.8401277,51.1415564,1
148,202005040147,2220,Hallaar,4.7191120718788,51.08755725,1
149,202005040148,2220,Heist-Op-Den-Berg,4.7193765534389,51.06251415,1
150,202005040149,2221,Booischot,4.7692867998141,51.0471677,1
151,202005040150,2222,Itegem,4.731894344605,51.10403005,1
152,202005040151,2222,Wiekevorst,4.7853558986493,51.10609435,1
153,202005040152,2223,Schriek,4.4361161,51.2907379,1
154,202005040153,2230,Herselt,4.9018080031354,51.0554081,1
155,202005040154,2230,Ramsel,4.8336098,51.0324718,1
156,202005040155,2235,Houtvenne,4.8012932645531,51.04605145,1
157,202005040156,2235,Hulshout,4.7885461,51.0753923,1
158,202005040157,2235,Westmeerbeek,4.8351334,51.0603638,1
159,202005040158,2240,Massenhoven,4.6356924683019,51.19902125,1
160,202005040159,2240,Viersel,4.6503063,51.187272,1
161,202005040160,2240,Zandhoven,4.6595103,51.2147918,1
162,202005040161,2242,Pulderbos,4.7033852099385,51.2257319,1
163,202005040162,2243,Pulle,4.6975445276147,51.2011609,1
164,202005040163,2250,Olen,4.8597257,51.1438611,1
165,202005040164,2260,Oevel,4.9053101,51.1377568,1
166,202005040165,2260,Tongerlo,4.9012622781849,51.1220734,1
167,202005040166,2260,Westerlo,4.9168675,51.086694,1
168,202005040167,2260,Zoerle-Parwijs,4.8729402,51.0880889,1
169,202005040168,2270,Herenthout,4.7543972,51.1392427,1
170,202005040169,2275,Gierle,4.8676797,51.26758,1
171,202005040170,2275,Lille,4.8242404,51.238218,1
172,202005040171,2275,Poederlee,4.8359528,51.2267185,1
173,202005040172,2275,Wechelderzande,4.7910582697468,51.26541275,1
174,202005040173,2280,Grobbendonk,4.7318844301963,51.18870335,1
175,202005040174,2288,Bouwel,4.7370614385825,51.16210045,1
176,202005040175,2290,Vorselaar,4.769482,51.2023448,1
177,202005040176,2300,Turnhout,4.948461,51.3233812,1
178,202005040177,2310,Rijkevorsel,4.760708,51.3495046,1
179,202005040178,2320,Hoogstraten,4.7440656414186,51.39574085,1
180,202005040179,2321,Meer,4.7372548575575,51.46092495,1
181,202005040180,2322,Minderhout,4.8070790487489,51.43155825,1
182,202005040181,2323,Wortel,4.8085930879726,51.3975366,1
183,202005040182,2328,Meerle,4.8051679,51.4743516,1
184,202005040183,2330,Merksplas,4.8627541,51.3580597,1
185,202005040184,2340,Beerse,4.837570452313,51.3134921,1
186,202005040185,2340,Vlimmeren,4.7821797,51.2988018,1
187,202005040186,2350,Vosselaar,4.8878026,51.3129153,1
188,202005040187,2360,Oud-Turnhout,4.9817086,51.3178319,1
189,202005040188,2370,Arendonk,5.0864557,51.3202315,1
190,202005040189,2380,Ravels,5.0198122919518,51.3808625,1
191,202005040190,2381,Weelde,5.0182445420616,51.41206885,1
192,202005040191,2382,Poppel,5.0488069670452,51.45063155,1
193,202005040192,2387,Baarle-Hertog,4.9004051710883,51.412750431352,1
194,202005040193,2390,Malle,4.7149828,51.3001124,1
195,202005040194,2390,Oostmalle,4.7331618,51.3019209,1
196,202005040195,2390,Westmalle,4.6713095211155,51.29940565,1
197,202005040196,2400,Mol,5.1155267,51.1840421,1
198,202005040197,2430,Eindhout,4.9972890275518,51.10171295,1
199,202005040198,2430,Laakdal,5.0073022,51.0802695,1
200,202005040199,2430,Vorst,5.0188161,51.0790117,1
201,202005040200,2431,Varendonk,4.9552253,51.0801317,1
202,202005040201,2431,Veerle,4.9805536902848,51.0592049,1
203,202005040202,2440,Geel,4.9903187,51.1610826,1
204,202005040203,2450,Meerhout,5.0772388,51.1317433,1
205,202005040204,2460,Kasterlee,4.967812,51.2407915,1
206,202005040205,2460,Lichtaart,4.9037390737022,51.2309182,1
207,202005040206,2460,Tielen,4.8965455,51.2422595,1
208,202005040207,2470,Retie,5.0843883,51.2675862,1
209,202005040208,2480,Dessel,5.113243,51.2395713,1
210,202005040209,2490,Balen,5.1937730761009,51.171804,1
211,202005040210,2491,Olmen,5.1648214462792,51.13368515,1
212,202005040211,2500,Koningshooikt,4.6033828110877,51.0929433,1
213,202005040212,2500,Lier,4.5696516,51.131069,1
214,202005040213,2520,Broechem,4.5967162,51.1813951,1
215,202005040214,2520,Emblem,4.6047327,51.1625761,1
216,202005040215,2520,Oelegem,4.5972162,51.2110687,1
217,202005040216,2520,Ranst,4.5637563614009,51.1961732,1
218,202005040217,2530,Boechout,4.510406865149,51.1596941,1
219,202005040218,2531,Vremde,4.5226229,51.1753099,1
220,202005040219,2540,Hove,4.477387,51.1486117,1
221,202005040220,2547,Lint,4.4922187,51.1268305,1
222,202005040221,2550,Kontich,4.4456359,51.134377,1
223,202005040222,2550,Waarloos,4.453,51.1052659,1
224,202005040223,2560,Bevel,4.6922875770195,51.1364316,1
225,202005040224,2560,Kessel,4.6393456001407,51.14453105,1
226,202005040225,2560,Nijlen,4.6709517317049,51.1611887,1
227,202005040226,2570,Duffel,4.5061988,51.0957176,1
228,202005040227,2580,Beerzel,4.6630807412987,51.06299735,1
229,202005040228,2580,Putte,4.6310473,51.0570823,1
230,202005040229,2590,Berlaar,4.6640387634597,51.10303735,1
231,202005040230,2590,Gestel,4.6646313199891,51.12758685,1
232,202005040231,2600,Berchem,4.4317026387884,51.1918493,1
233,202005040232,2610,Wilrijk,4.3876309610455,51.1638451,1
234,202005040233,2620,Hemiksem,4.3420555,51.1442105,1
235,202005040234,2627,Schelle,4.3361875,51.1245635,1
236,202005040235,2630,Aartselaar,4.3870241,51.133297,1
237,202005040236,2640,Mortsel,4.4593335,51.1741789,1
238,202005040237,2650,Edegem,4.4384284,51.1574786,1
239,202005040238,2660,Hoboken,4.3511502171395,51.1757824,1
240,202005040239,2800,Mechelen,4.471321199996,51.02803335,1
241,202005040240,2800,Walem,4.4568748,51.0657941,1
242,202005040241,2801,Heffen,4.4124762563322,51.0519355,1
243,202005040242,2811,Hombeek,4.4211910518318,51.01166405,1
244,202005040243,2811,Leest,4.4150058,51.0350559,1
245,202005040244,2812,Muizen,4.5182999731643,51.0083206,1
246,202005040245,2820,Bonheiden,4.5378217779072,51.0261294,1
247,202005040246,2820,Rijmenam,4.5842221,51.0010818,1
248,202005040247,2830,Blaasveld,4.3723517,51.0565194,1
249,202005040248,2830,Heindonk,4.4066584,51.0670264,1
250,202005040249,2830,Tisselt,4.3598407,51.033992,1
251,202005040250,2830,Willebroek,4.3572324644033,51.0626964,1
252,202005040251,2840,Reet,4.4058899586301,51.1044854,1
253,202005040252,2840,Rumst,4.4240472,51.0792853,1
254,202005040253,2840,Terhagen,4.3993623,51.078277,1
255,202005040254,2845,Niel,4.3303396,51.1098649,1
256,202005040255,2850,Boom,4.3667216,51.0873789,1
257,202005040256,2860,Sint-Katelijne-Waver,4.5114278140147,51.06232435,1
258,202005040257,2861,Onze-Lieve-Vrouw-Waver,4.5799614,51.0624913,1
259,202005040258,2870,Breendonk,4.3136108625549,51.0452687,1
260,202005040259,2870,Liezele,4.2808516096232,51.05486435,1
261,202005040260,2870,Puurs,4.2861928678797,51.07199845,1
262,202005040261,2870,Ruisbroek,4.3379815821239,51.0802059,1
263,202005040262,2880,Bornem,4.2423260051519,51.0924649,1
264,202005040263,2880,Hingene,4.2930862930359,51.103114,1
265,202005040264,2880,Mariekerke,4.2010309553894,51.06647005,1
266,202005040265,2880,Weert,4.1855882750296,51.10151195,1
267,202005040266,2890,Lippelo,4.2519213925908,51.0451478,1
268,202005040267,2890,Oppuurs,4.2389889523045,51.06220625,1
269,202005040268,2890,Sint-Amands,4.2107348196593,51.0463409,1
270,202005040269,2900,Schoten,4.4980446,51.2516344,1
271,202005040270,2910,Essen,4.4701309,51.4677957,1
272,202005040271,2920,Kalmthout,4.4763255,51.3832723,1
273,202005040272,2930,Brasschaat,4.489307,51.2930933,1
274,202005040273,2940,Hoevenen,4.4046996,51.3066168,1
275,202005040274,2940,Stabroek,4.370312016044,51.33518735,1
276,202005040275,2950,Kapellen,4.4312318305558,51.332759,1
277,202005040276,2960,Brecht,4.5972381789962,51.3347679,1
278,202005040277,2960,Sint-Job-In-'t-Goor,4.5759347,51.2955923,1
279,202005040278,2960,Sint-Lenaarts,4.6782162,51.3453831,1
280,202005040279,2970,'s Gravenwezel,4.5556038,51.2624856,1
281,202005040280,2970,Schilde,4.5955157359888,51.257095,1
282,202005040281,2980,Halle,4.6455565344486,51.2428446,1
283,202005040282,2980,Zoersel,4.7132557,51.2716725,1
284,202005040283,2990,Loenhout,4.6428328,51.3994474,1
285,202005040284,2990,Wuustwezel,4.5651743450402,51.38525,1
286,202005040285,3000,Leuven,4.6929903215189,50.8812533,1
287,202005040286,3001,Heverlee,4.6931307510281,50.85172925,1
288,202005040287,3010,Kessel Lo,4.7307614946269,50.88991545,1
289,202005040288,3012,Wilsele,4.7136294,50.9095362,1
290,202005040289,3018,Wijgmaal,4.7001214,50.926428,1
291,202005040290,3020,Herent,4.672714,50.9079329,1
292,202005040291,3020,Veltem-Beisem,4.6255138,50.9020979,1
293,202005040292,3020,Winksele,4.6404471957661,50.9124843,1
294,202005040293,3040,Huldenberg,4.5828587400028,50.7950895,1
295,202005040294,3040,Loonbeek,4.6067572,50.8070345,1
296,202005040295,3040,Neerijse,4.6290291125613,50.81115135,1
297,202005040296,3040,Ottenburg,4.6258024576448,50.7540955,1
298,202005040297,3040,Sint-Agatha-Rode,4.6329556561262,50.7794761,1
299,202005040298,3050,Oud-Heverlee,4.6678971,50.8217682,1
300,202005040299,3051,Sint-Joris-Weert,4.6458289787229,50.8051035,1
301,202005040300,3052,Blanden,4.7056796612254,50.8281673,1
302,202005040301,3053,Haasrode,4.7283706944623,50.81785645,1
303,202005040302,3054,Vaalbeek,4.6852713590102,50.82408165,1
304,202005040303,3060,Bertem,4.6322907,50.8706469,1
305,202005040304,3060,Korbeek-Dijle,4.6299439737893,50.847010125156,1
306,202005040305,3061,Leefdaal,4.5905043649411,50.8419887,1
307,202005040306,3070,Kortenberg,4.5364707039624,50.88326665,1
308,202005040307,3071,Erps-Kwerps,4.5750864125531,50.9104969,1
309,202005040308,3078,Everberg,4.5545949589597,50.87266065,1
310,202005040309,3078,Meerbeek,4.5972692536847,50.8782935,1
311,202005040310,3080,Duisburg,4.545208431698,50.8110528,1
312,202005040311,3080,Tervuren,4.5144027,50.8227718,1
313,202005040312,3080,Vossem,4.5565660886042,50.83488335,1
314,202005040313,3090,Overijse,4.5385226,50.7729254,1
315,202005040314,3110,Rotselaar,4.7143205960258,50.9543637,1
316,202005040315,3111,Wezemaal,4.7683306885409,50.9482552,1
317,202005040316,3118,Werchter,4.7026877230529,50.9707189,1
318,202005040317,3120,Tremelo,4.6755134,50.9900457,1
319,202005040318,3128,Baal,4.7505367662714,51.0075269,1
320,202005040319,3130,Begijnendijk,4.7826403117004,51.02422075,1
321,202005040320,3130,Betekom,4.7908301771478,50.99602795,1
322,202005040321,3140,Keerbergen,4.6265551,51.0049242,1
323,202005040322,3150,Haacht,4.6386824,50.9769286,1
324,202005040323,3150,Tildonk,4.6595165776069,50.94081955,1
325,202005040324,3150,Wespelaar,4.6325890563885,50.95645295,1
326,202005040325,3190,Boortmeerbeek,4.575800525,50.97828585,1
327,202005040326,3191,Hever,4.5553278,50.9925865,1
328,202005040327,3200,Aarschot,4.8245687,50.9841594,1
329,202005040328,3200,Gelrode,4.8042730440984,50.9670761,1
330,202005040329,3201,Langdorp,4.8856989624279,51.0118664,1
331,202005040330,3202,Rillaar,4.8970494266873,50.97591095,1
332,202005040331,3210,Linden,4.7756847507269,50.89891075,1
333,202005040332,3210,Lubbeek,4.8400599406417,50.8821122,1
334,202005040333,3211,Binkom,4.8908885858013,50.8721422,1
335,202005040334,3212,Pellenberg,4.7894086649098,50.87211325,1
336,202005040335,3220,Holsbeek,4.7557296717686,50.92172015,1
337,202005040336,3220,Kortrijk-Dutsel,4.7854555627527,50.91851005,1
338,202005040337,3220,Sint-Pieters-Rode,4.8291872982184,50.9208131,1
339,202005040338,3221,Nieuwrode,4.8338045392342,50.9470265,1
340,202005040339,3270,Scherpenheuvel,4.9547327768843,50.9725745,1
341,202005040340,3270,Scherpenheuvel-Zichem,4.9754325657663,50.9689147,1
342,202005040341,3271,Averbode,4.9770845794874,51.0278406,1
343,202005040342,3271,Zichem,4.984958799435,51.0085771,1
344,202005040343,3272,Messelbroek,4.924667681525,50.98948425,1
345,202005040344,3272,Testelt,4.9484707287374,51.0192772,1
346,202005040345,3290,Deurne,5.0964572,51.0392379,1
347,202005040346,3290,Diest,5.052873496255,50.98456645,1
348,202005040347,3290,Schaffen,5.086792549946,51.0130411,1
349,202005040348,3290,Webbekom,5.054414061955,50.9649291,1
350,202005040349,3293,Kaggevinne,5.0299404926122,50.9776976,1
351,202005040350,3294,Molenstede,5.0247465287649,51.0071839,1
352,202005040351,3300,Bost,4.9339239586832,50.7846322,1
353,202005040352,3300,Goetsenhoven,4.9603301209235,50.77139835,1
354,202005040353,3300,Hakendover,4.9886552612345,50.7971718,1
355,202005040354,3300,Kumtich,4.8863798378559,50.8245511,1
356,202005040355,3300,Oorbeek,4.9137602382894,50.79215565,1
357,202005040356,3300,Oplinter,4.9950692073381,50.8284931,1
358,202005040357,3300,Sint-Margriete-Houtem,4.9623805201831,50.83464645,1
359,202005040358,3300,Tienen,4.9464292134294,50.80843175,1
360,202005040359,3300,Vissenaken,4.9111431209758,50.84379005,1
361,202005040360,3320,Hoegaarden,4.88114193614,50.7877912,1
362,202005040361,3320,Meldert,4.8294566856141,50.78956675,1
363,202005040362,3321,Outgaarden,4.9193571,50.7665968,1
364,202005040363,3350,Drieslinter,5.0533455578997,50.84486375,1
365,202005040364,3350,Linter,5.0409717,50.8291537,1
366,202005040365,3350,Melkwezer,5.0585292480567,50.8249402,1
367,202005040366,3350,Neerhespen,5.0579336298623,50.78801405,1
368,202005040367,3350,Neerlinter,5.0283876,50.843352,1
369,202005040368,3350,Orsmaal-Gussenhoven,5.0674769,50.8054143,1
370,202005040369,3350,Overhespen,5.0300432882597,50.7968421,1
371,202005040370,3350,Wommersom,5.0183106289924,50.812361,1
372,202005040371,3360,Bierbeek,4.7714318076029,50.8241245,1
373,202005040372,3360,Korbeek-Lo,4.7561775068454,50.86176115,1
374,202005040373,3360,Lovenjoel,4.7866873360324,50.85475565,1
375,202005040374,3360,Opvelp,4.7912847996064,50.80732735,1
376,202005040375,3370,Boutersem,4.8336178052558,50.8473461,1
377,202005040376,3370,Kerkom,4.8643358054912,50.85699665,1
378,202005040377,3370,Neervelp,4.8136699565725,50.8166881,1
379,202005040378,3370,Roosbeek,4.8620269340011,50.84022445,1
380,202005040379,3370,Vertrijk,4.8270179962162,50.83400235,1
381,202005040380,3370,Willebringen,4.8387022883011,50.80664425,1
382,202005040381,3380,Bunsbeek,4.9601107928553,50.8510351,1
383,202005040382,3380,Glabbeek,4.9513009,50.8725203,1
384,202005040383,3381,Kapellen,4.9608776189751,50.88734525,1
385,202005040384,3384,Attenrode,4.9167554140969,50.8694607,1
386,202005040385,3390,Houwaart,4.8605997436813,50.93414405,1
387,202005040386,3390,Sint-Joris-Winge,4.8754116537611,50.9121762,1
388,202005040387,3390,Tielt,4.9155513317582,50.9346235,1
389,202005040388,3390,Tielt-Winge,4.8863781815823,50.9242724,1
390,202005040389,3391,Meensel-Kiezegem,4.9173431325348,50.8950541,1
391,202005040390,3400,Eliksem,5.0074922319452,50.78710135,1
392,202005040391,3400,Ezemaal,4.997333783131,50.7766242,1
393,202005040392,3400,Laar,4.4410406,51.2687557,1
394,202005040393,3400,Landen,5.0790966118688,50.7493167,1
395,202005040394,3400,Neerwinden,5.0409975765006,50.7652288,1
396,202005040395,3400,Overwinden,5.0448025257015,50.75242545,1
397,202005040396,3400,Rumsdorp,5.0695564232804,50.76917005,1
398,202005040397,3400,Wange,5.0302723897201,50.7838394,1
399,202005040398,3401,Waasmont,5.0609420487376,50.72608345,1
400,202005040399,3401,Walsbets,5.0878535498936,50.7385007,1
401,202005040400,3401,Walshoutem,5.0869975953341,50.71820555,1
402,202005040401,3401,Wezeren,5.1094961371256,50.732168,1
403,202005040402,3404,Attenhoven,5.1006534330464,50.7653693,1
404,202005040403,3404,Neerlanden,5.0793874624497,50.7821026,1
405,202005040404,3440,Budingen,5.0871237674967,50.8653457,1
406,202005040405,3440,Dormaal,5.0920421498928,50.8063449,1
407,202005040406,3440,Halle-Booienhoven,5.1205761783641,50.8127265,1
408,202005040407,3440,Helen-Bos,5.0802259143417,50.83603965,1
409,202005040408,3440,Zoutleeuw,5.1186447480147,50.8415653,1
410,202005040409,3450,Geetbets,5.1015810029407,50.89519195,1
411,202005040410,3450,Grazen,5.1299277800431,50.8754117,1
412,202005040411,3454,Rummen,5.1564917481959,50.88594765,1
413,202005040412,3460,Assent,5.0136688435307,50.94677135,1
414,202005040413,3460,Bekkevoort,4.984616971522,50.9338977,1
415,202005040414,3461,Molenbeek-Wersbeek,4.9541212,50.9212106,1
416,202005040415,3470,Kortenaken,5.068392495735,50.90566935,1
417,202005040416,3470,Ransberg,5.0360646174319,50.8758246,1
418,202005040417,3470,Sint-Margriete-Houtem,4.9623805201831,50.83464645,1
419,202005040418,3471,Hoeleden,5.0014628020046,50.8668096,1
420,202005040419,3472,Kersbeek-Miskom,5.0065116045983,50.8930932577,1
421,202005040420,3473,Waanrode,5.0037716328589,50.9129375,1
422,202005040421,3500,Hasselt,5.3368383970676,50.930358,1
423,202005040422,3500,Sint-Lambrechts-Herk,5.3119462785891,50.90358435,1
424,202005040423,3501,Wimmertingen,5.3512906396928,50.8769276,1
425,202005040424,3510,Kermt,5.2509784643733,50.9524495,1
426,202005040425,3510,Spalbeek,5.2277944313068,50.9490449,1
427,202005040426,3511,Kuringen,5.3052007,50.9439384,1
428,202005040427,3511,Stokrooie,5.2747491372719,50.97085355,1
429,202005040428,3512,Stevoort,5.2444291944072,50.91698375,1
430,202005040429,3520,Zonhoven,5.3677683,50.9909835,1
431,202005040430,3530,Helchteren,5.3844821648536,51.0743268,1
432,202005040431,3530,Houthalen,5.4121547136036,51.036563,1
433,202005040432,3530,Houthalen-Helchteren,5.3713044,51.0281818,1
434,202005040433,3540,Berbroek,5.2098576659451,50.94876395,1
435,202005040434,3540,Donk,4.9053567,50.9582088,1
436,202005040435,3540,Herk-De-Stad,5.1884301868953,50.9222911,1
437,202005040436,3540,Schulen,5.171672949688,50.9533364,1
438,202005040437,3545,Halen,5.1073913444455,50.9384339,1
439,202005040438,3545,Loksbergen,5.0656234079577,50.9321193,1
440,202005040439,3545,Zelem,5.1092670735921,50.980158,1
441,202005040440,3550,Heusden,5.2835531292784,51.04153335,1
442,202005040441,3550,Heusden-Zolder,5.2750485,51.0233485,1
443,202005040442,3550,Zolder,5.3135203,51.0236553,1
444,202005040443,3560,Linkhout,5.1372552,50.9657859,1
445,202005040444,3560,Lummen,5.2025589998731,51.00313255,1
446,202005040445,3560,Meldert,5.1472099707378,51.0067479,1
447,202005040446,3570,Alken,5.3079873,50.8754731,1
448,202005040447,3580,Beringen,5.2208090823008,51.0502026,1
449,202005040448,3581,Beverlo,5.2443565507181,51.08973005,1
450,202005040449,3582,Koersel,5.271159654589,51.06978945,1
451,202005040450,3583,Paal,5.1616725572109,51.04746375,1
452,202005040451,3590,Diepenbeek,5.4200307,50.9078485,1
453,202005040452,3600,Genk,5.5001456,50.9654864,1
454,202005040453,3620,Gellik,5.6091315,50.8839456,1
455,202005040454,3620,Lanaken,5.6513208,50.8892784,1
456,202005040455,3620,Neerharen,5.680982,50.907778,1
457,202005040456,3620,Veldwezelt,5.6323869,50.8655982,1
458,202005040457,3621,Rekem,5.6626094755366,50.9284078,1
459,202005040458,3630,Eisden,5.7128515,50.9863045,1
460,202005040459,3630,Leut,5.7355142,50.9921686,1
461,202005040460,3630,Maasmechelen,5.696445,50.9635024,1
462,202005040461,3630,Mechelen-Aan-De-Maas,5.6456979557208,50.9764002,1
463,202005040462,3630,Meeswijk,5.7468352,51.001413,1
464,202005040463,3630,Opgrimbie,5.6810305,50.9436011,1
465,202005040464,3630,Vucht,5.7134261,50.9770425,1
466,202005040465,3631,Boorsem,5.7147232,50.9408858,1
467,202005040466,3631,Uikhoven,5.7199198507341,50.9264738,1
468,202005040467,3640,Kessenich,5.8089243331137,51.1492029,1
469,202005040468,3640,Kinrooi,5.7414564606985,51.14313325,1
470,202005040469,3640,Molenbeersel,5.7260763418645,51.1684178,1
471,202005040470,3640,Ophoven,5.7881529659009,51.13225635,1
472,202005040471,3650,Dilsen,5.6991443859626,51.0328615,1
473,202005040472,3650,Dilsen-Stokkem,5.7311405,51.0284779,1
474,202005040473,3650,Elen,5.7404005925371,51.06941595,1
475,202005040474,3650,Lanklaar,5.6747570297643,51.01085805,1
476,202005040475,3650,Rotem,5.7205216032604,51.053086,1
477,202005040476,3650,Stokkem,5.7508381619462,51.0197939,1
478,202005040477,3660,Opglabbeek,5.581962,51.0429949,1
479,202005040478,3665,As,5.5722025852462,51.0005396,1
480,202005040479,3668,Niel-Bij-As,5.6161660037867,51.0182495,1
481,202005040480,3670,Ellikom,5.5289463613944,51.1303479,1
482,202005040481,3670,Gruitrode,5.5813814347439,51.08477665,1
483,202005040482,3670,Meeuwen,5.5029170798132,51.07822635,1
484,202005040483,3670,Meeuwen-Gruitrode,5.5540751,51.0933149,1
485,202005040484,3670,Neerglabbeek,5.6181697688959,51.09677995,1
486,202005040485,3670,Wijshagen,5.532541372001,51.0770409,1
487,202005040486,3680,Maaseik,5.791733,51.0947181,1
488,202005040487,3680,Neeroeteren,5.7027136767689,51.0946499,1
489,202005040488,3680,Opoeteren,5.6487312543959,51.05340005,1
490,202005040489,3690,Zutendaal,5.5725548,50.9318992,1
491,202005040490,3700,'s Herenelderen,5.5030479,50.8064756,1
492,202005040491,3700,Berg,5.1521172,51.1695659,1
493,202005040492,3700,Diets-Heur,5.4843527,50.7450193,1
494,202005040493,3700,Haren,4.4125708732431,50.8919661,1
495,202005040494,3700,Henis,5.4696959,50.7993981,1
496,202005040495,3700,Kolmont,5.4206775,50.8027416,1
497,202005040496,3700,Koninksem,5.4417282,50.7678379,1
498,202005040497,3700,Lauw,5.4147831,50.7399124,1
499,202005040498,3700,Mal,5.5223906,50.7689604,1
500,202005040499,3700,Neerrepen,5.4449386,50.8121319,1
501,202005040500,3700,Nerem,5.5102044,50.7630913,1
502,202005040501,3700,Overrepen,5.4301056,50.8067083,1
503,202005040502,3700,Piringen,5.4198462,50.7873928,1
504,202005040503,3700,Riksingen,5.4616724,50.8065023,1
505,202005040504,3700,Rutten,5.4421316,50.747053,1
506,202005040505,3700,Sluizen,2.7568247,51.133268,1
507,202005040506,3700,Tongeren,5.4648131,50.7810151,1
508,202005040507,3700,Vreren,5.495696,50.7520293,1
509,202005040508,3700,Widooie,5.409701,50.7719092,1
510,202005040509,3717,Herstappe,5.4260923,50.7273829,1
511,202005040510,3720,Kortessem,5.3770000287821,50.86195255,1
512,202005040511,3721,Vliermaalroot,5.4298574663068,50.8667966,1
513,202005040512,3722,Wintershoven,5.4073456316551,50.85566395,1
514,202005040513,3723,Guigoven,5.4005632276197,50.84255235,1
515,202005040514,3724,Vliermaal,5.4259091735787,50.8326029,1
516,202005040515,3730,Hoeselt,5.4865309,50.8500788,1
517,202005040516,3730,Romershoven,5.4593316,50.8580527,1
518,202005040517,3730,Sint-Huibrechts-Hern,5.4487057,50.8292918,1
519,202005040518,3730,Werm,5.4804957,50.8335665,1
520,202005040519,3732,Schalkhoven,5.4481669278797,50.8422859,1
521,202005040520,3740,Beverst,5.4734935,50.8921566,1
522,202005040521,3740,Bilzen,5.5163011,50.8713356,1
523,202005040522,3740,Eigenbilzen,5.5755614,50.8743904,1
524,202005040523,3740,Grote-Spouwen,5.5538483,50.832524,1
525,202005040524,3740,Hees,5.6124793,50.8460673,1
526,202005040525,3740,Kleine-Spouwen,5.5473874,50.8379653,1
527,202005040526,3740,Mopertingen,5.5760673,50.862295,1
528,202005040527,3740,Munsterbilzen,5.5270242,50.8883348,1
529,202005040528,3740,Rijkhoven,5.5163495,50.8342984,1
530,202005040529,3740,Rosmeer,5.5753682,50.8458315,1
531,202005040530,3740,Waltwilder,5.5464648,50.8638819,1
532,202005040531,3742,Martenslinde,5.5340486411054,50.8523326,1
533,202005040532,3746,Hoelbeek,5.556142701219,50.883259,1
534,202005040533,3770,Genoelselderen,5.5369013,50.8017668,1
535,202005040534,3770,Herderen,5.5744881,50.8071071,1
536,202005040535,3770,Kanne,5.6692203,50.8141622,1
537,202005040536,3770,Membruggen,5.5391564,50.8178133,1
538,202005040537,3770,Millen,5.560302,50.7844721,1
539,202005040538,3770,Riemst,5.5978716,50.8115825,1
540,202005040539,3770,Val-Meer,5.5971013,50.7871228,1
541,202005040540,3770,Vlijtingen,5.5895873,50.8329146,1
542,202005040541,3770,Vroenhoven,5.6374847,50.828018,1
543,202005040542,3770,Zichen-Zussen-Bolder,5.6153404,50.7943475,1
544,202005040543,3790,Fouron-Saint-Martin,5.8429342279842,50.74087835,1
545,202005040544,3790,Fourons,5.839052712207,50.7465898,1
546,202005040545,3790,Mouland,5.7148469912943,50.7551858,1
547,202005040546,3791,Remersdaal,5.8818776028446,50.72838165,1
548,202005040547,3792,Fouron-Saint-Pierre,5.8242427123549,50.72830265,1
549,202005040548,3793,Teuven,5.8695304694514,50.75322225,1
550,202005040549,3798,Fouron-Le-Comte,5.7719461900567,50.7611375,1
551,202005040550,3800,Aalst,5.2127604,50.7813901,1
552,202005040551,3800,Brustem,5.230273192058,50.79912435,1
553,202005040552,3800,Engelmanshoven,5.2518063089799,50.77280875,1
554,202005040553,3800,Gelinden,5.2509345230414,50.7602497,1
555,202005040554,3800,Groot-Gelmen,5.2621170756458,50.78320635,1
556,202005040555,3800,Halmaal,5.1499121468986,50.80055285,1
557,202005040556,3800,Kerkom-Bij-Sint-Truiden,5.1787834432079,50.77333875,1
558,202005040557,3800,Ordingen,5.2381902322176,50.8137716,1
559,202005040558,3800,Sint-Truiden,5.2034249116034,50.82694775,1
560,202005040559,3800,Zepperen,5.2579163290148,50.840318,1
561,202005040560,3803,Duras,5.1461581286779,50.83411245,1
562,202005040561,3803,Gorsem,5.1658988739064,50.8380493,1
563,202005040562,3803,Runkelen,5.1519921,50.8477735,1
564,202005040563,3803,Wilderen,5.1423025876022,50.81773655,1
565,202005040564,3806,Velm,5.1322112767812,50.78000075,1
566,202005040565,3830,Berlingen,5.3111748927674,50.82338225,1
567,202005040566,3830,Wellen,5.3421653176727,50.8434693,1
568,202005040567,3831,Herten,5.3322359627296,50.82704785,1
569,202005040568,3832,Ulbeek,5.2936725006792,50.84319895,1
570,202005040569,3840,Bommershoven,5.3823531554707,50.78522885,1
571,202005040570,3840,Borgloon,5.3569929252994,50.8004351,1
572,202005040571,3840,Broekom,5.3324575,50.7819071,1
573,202005040572,3840,Gors-Opleeuw,5.3849412792168,50.8308593,1
574,202005040573,3840,Gotem,5.3055250033294,50.80105865,1
575,202005040574,3840,Groot-Loon,5.3659957408679,50.7938946,1
576,202005040575,3840,Haren,5.3972985,50.7913472,1
577,202005040576,3840,Hendrieken,5.3287966873717,50.797246,1
578,202005040577,3840,Hoepertingen,5.2852748851765,50.81158915,1
579,202005040578,3840,Jesseren,5.3905151,50.8058717,1
580,202005040579,3840,Kerniel,5.3616421143445,50.82372165,1
581,202005040580,3840,Kolmont,5.4206775,50.8027416,1
582,202005040581,3840,Kuttekoven,5.3310338354044,50.8140833,1
583,202005040582,3840,Rijkel,5.2612885523105,50.80429285,1
584,202005040583,3840,Voort,4.6797906,51.1674467,1
585,202005040584,3850,Binderveld,5.1684479293466,50.86548295,1
586,202005040585,3850,Kozen,5.2414389,50.8752909,1
587,202005040586,3850,Nieuwerkerken,5.1909741787579,50.87457545,1
588,202005040587,3850,Wijer,5.2233097,50.8972323,1
589,202005040588,3870,Batsheers,5.2807989,50.7381794,1
590,202005040589,3870,Bovelingen,5.2551977,50.7375944,1
591,202005040590,3870,Heers,5.3017509,50.750995,1
592,202005040591,3870,Heks,5.3567635,50.7687571,1
593,202005040592,3870,Horpmaal,5.3328245,50.7582823,1
594,202005040593,3870,Klein-Gelmen,5.2763925,50.7713536,1
595,202005040594,3870,Mechelen-Bovelingen,5.2629291,50.7427937,1
596,202005040595,3870,Mettekoven,5.2896635,50.7803053,1
597,202005040596,3870,Opheers,5.2944311,50.7366903,1
598,202005040597,3870,Rukkelingen-Loon,5.2539162,50.7278444,1
599,202005040598,3870,Vechmaal,5.373733,50.7608875,1
600,202005040599,3870,Veulen,5.3063809,50.7633827,1
601,202005040600,3890,Boekhout,5.2314326932833,50.7456072,1
602,202005040601,3890,Gingelom,5.1325789475434,50.7513838,1
603,202005040602,3890,Jeuk,5.2095391018082,50.73257605,1
604,202005040603,3890,Kortijs,5.1485502564418,50.7052793,1
605,202005040604,3890,Montenaken,5.1386239079133,50.71838125,1
606,202005040605,3890,Niel-Bij-Sint-Truiden,5.14193594683,50.7404614,1
607,202005040606,3890,Vorsen,5.1713288748516,50.705232,1
608,202005040607,3891,Borlo,5.1743785728014,50.7345174,1
609,202005040608,3891,Buvingen,5.1788950800586,50.75022405,1
610,202005040609,3891,Mielen-Boven-Aalst,5.2141041746035,50.7573342,1
611,202005040610,3891,Muizen,5.1781361499823,50.7614659,1
612,202005040611,3900,Overpelt,5.422976,51.2113458,1
613,202005040612,3910,Neerpelt,5.4314419,51.2289746,1
614,202005040613,3910,Sint-Huibrechts-Lille,5.4937001151083,51.2253075,1
615,202005040614,3920,Lommel,5.3076895,51.2305657,1
616,202005040615,3930,Achel,5.4792895720018,51.2684314,1
617,202005040616,3930,Hamont,5.5312873136301,51.25458535,1
618,202005040617,3930,Hamont-Achel,5.5128696,51.2547636,1
619,202005040618,3940,Hechtel,5.3415643775263,51.11664635,1
620,202005040619,3940,Hechtel-Eksel,5.3415643775263,51.11664635,1
621,202005040620,3941,Eksel,5.3440439268887,51.1567865,1
622,202005040621,3945,Ham,5.1781109743218,51.11417145,1
623,202005040622,3945,Kwaadmechelen,5.1325674800534,51.0966275,1
624,202005040623,3945,Oostham,5.1838556043202,51.10876505,1
625,202005040624,3950,Bocholt,5.5995581946268,51.1924818,1
626,202005040625,3950,Kaulille,5.5172805548337,51.19391715,1
627,202005040626,3950,Reppel,5.5522997799873,51.1470494,1
628,202005040627,3960,Beek,5.6378178047643,51.16613895,1
629,202005040628,3960,Bree,5.6229805058514,51.1386239,1
630,202005040629,3960,Gerdingen,5.5648743785157,51.1304481,1
631,202005040630,3960,Opitter,5.6477954812084,51.1184171,1
632,202005040631,3960,Tongerlo,5.6788533966978,51.1305517,1
633,202005040632,3970,Leopoldsburg,5.2638924294785,51.1220584,1
634,202005040633,3971,Heppen,5.2265355962879,51.11582725,1
635,202005040634,3980,Tessenderlo,5.0893974,51.0681628,1
636,202005040635,3990,Grote-Brogel,5.5087098376886,51.1420032,1
637,202005040636,3990,Kleine-Brogel,5.4623610101885,51.1726086,1
638,202005040637,3990,Peer,5.4491572190061,51.10874,1
639,202005040638,3990,Wijchmaal,5.4147469555164,51.1272018,1
640,202005040639,8000,Brugge,3.2073611,51.2147083,1
641,202005040640,8000,Koolkerke,3.2473789,51.2419954,1
642,202005040641,8020,Hertsberge,3.2612349549978,51.10996785,1
643,202005040642,8020,Oostkamp,3.2497137262681,51.1511469,1
644,202005040643,8020,Ruddervoorde,3.2014781027698,51.08464525,1
645,202005040644,8020,Waardamme,3.2222872,51.1123296,1
646,202005040645,8200,Sint-Andries,3.1750054151928,51.18830895,1
647,202005040646,8200,Sint-Michiels,3.2111722,51.1884619,1
648,202005040647,8210,Loppem,3.1955523,51.1557488,1
649,202005040648,8210,Veldegem,3.1606518,51.1048944,1
650,202005040649,8210,Zedelgem,3.1404473279372,51.1355326,1
651,202005040650,8211,Aartrijke,3.0913265545139,51.1180002,1
652,202005040651,8300,Knokke,3.3233738606453,51.34942965,1
653,202005040652,8300,Knokke-Heist,3.2702133,51.3396066,1
654,202005040653,8300,Westkapelle,3.3172865697943,51.3207807,1
655,202005040654,8301,Ramskapelle,3.2505004,51.3126954,1
656,202005040655,8310,Assebroek,3.2570785402003,51.1933202,1
657,202005040656,8310,Sint-Kruis,3.2506508,51.2142018,1
658,202005040657,8340,Damme,3.2920911130762,51.2553021,1
659,202005040658,8340,Hoeke,3.3302838831505,51.2936953,1
660,202005040659,8340,Lapscheure,3.3523918963854,51.2821424,1
661,202005040660,8340,Moerkerke,3.3558017705651,51.2422333,1
662,202005040661,8340,Oostkerke,3.2884674049058,51.2751719,1
663,202005040662,8340,Sijsele,3.3435315097294,51.210525,1
664,202005040663,8370,Blankenberge,3.1297578035057,51.31651475,1
665,202005040664,8370,Uitkerke,3.1404868099971,51.2996935,1
666,202005040665,8377,Houtave,3.1071768079055,51.2388018,1
667,202005040666,8377,Meetkerke,3.1469831971503,51.2356311,1
668,202005040667,8377,Nieuwmunster,3.0994149719104,51.275802,1
669,202005040668,8377,Zuienkerke,3.1567406094326,51.2685834,1
670,202005040669,8380,Dudzele,3.2292277,51.2747463,1
671,202005040670,8380,Lissewege,3.1991824156265,51.31711375,1
672,202005040671,8380,Zeebrugge,3.2078842,51.331382,1
673,202005040672,8400,Oostende,2.9203275,51.2303177,1
674,202005040673,8400,Stene,2.9200835535007,51.20214645,1
675,202005040674,8400,Zandvoorde,2.9668008654261,51.20484775,1
676,202005040675,8420,De Haan,3.0049248,51.2415107,1
677,202005040676,8420,Klemskerke,3.0238828,51.242521,1
678,202005040677,8420,Wenduine,3.0927740709639,51.3019771,1
679,202005040678,8421,Vlissegem,3.0635598193415,51.2641695,1
680,202005040679,8430,Middelkerke,2.8063401225473,51.18331695,1
681,202005040680,8431,Wilskerke,2.8401373,51.1809498,1
682,202005040681,8432,Leffinge,2.8776766,51.1746761,1
683,202005040682,8433,Mannekensvere,2.8183418,51.1258003,1
684,202005040683,8433,Schore,2.8402112,51.1110889,1
685,202005040684,8433,Sint-Pieters-Kapelle,2.8859081205773,51.1228258,1
686,202005040685,8433,Slijpe,2.8476959,51.1543955,1
687,202005040686,8434,Lombardsijde,2.7549864166944,51.15402425,1
688,202005040687,8434,Westende,2.7777512824641,51.15833025,1
689,202005040688,8450,Bredene,2.9725769468284,51.23890495,1
690,202005040689,8460,Ettelgem,3.0384504834689,51.19765475,1
691,202005040690,8460,Oudenburg,3.0061089520182,51.20118315,1
692,202005040691,8460,Roksem,3.0333284671459,51.1662204,1
693,202005040692,8460,Westkerke,3.0047445512126,51.16355795,1
694,202005040693,8470,Gistel,2.9670810948205,51.1582502,1
695,202005040694,8470,Moere,2.9565554411399,51.1319588,1
696,202005040695,8470,Snaaskerke,2.9333678137411,51.17625885,1
697,202005040696,8470,Zevekote,2.9016605351732,51.1381923,1
698,202005040697,8480,Bekegem,3.0582322396597,51.14886485,1
699,202005040698,8480,Eernegem,3.023122345129,51.12819605,1
700,202005040699,8480,Ichtegem,3.0296222129927,51.08742745,1
701,202005040700,8490,Jabbeke,3.0902953889402,51.1846386,1
702,202005040701,8490,Snellegem,3.1229871043255,51.17552695,1
703,202005040702,8490,Stalhille,3.0730014206469,51.21970915,1
704,202005040703,8490,Varsenare,3.1361350320817,51.19920035,1
705,202005040704,8490,Zerkegem,3.0612486455732,51.1712593,1
706,202005040705,8500,Kortrijk,3.2784153903743,50.81788085,1
707,202005040706,8501,Bissegem,3.2284723,50.8228226,1
708,202005040707,8501,Heule,3.2382004806211,50.8511736,1
709,202005040708,8510,Bellegem,3.2800137,50.7781502,1
710,202005040709,8510,Kooigem,3.3261001,50.739664,1
711,202005040710,8510,Marke,3.2336226,50.8070452,1
712,202005040711,8510,Rollegem,3.2564730180436,50.77232975,1
713,202005040712,8511,Aalbeke,3.2186046321991,50.77745545,1
714,202005040713,8520,Kuurne,3.2736322150643,50.86005145,1
715,202005040714,8530,Harelbeke,3.3425511,50.8293249,1
716,202005040715,8531,Bavikhove,3.3126044844799,50.8790473,1
717,202005040716,8531,Hulste,3.2990273,50.8820656,1
718,202005040717,8540,Deerlijk,3.3622790229139,50.83878495,1
719,202005040718,8550,Zwevegem,3.3419067426276,50.80406995,1
720,202005040719,8551,Heestert,3.4120184,50.7821543,1
721,202005040720,8552,Moen,3.3825263241918,50.775415,1
722,202005040721,8553,Otegem,3.4245499365566,50.80927585,1
723,202005040722,8554,Sint-Denijs,3.349745322203,50.76440175,1
724,202005040723,8560,Gullegem,3.2026154878227,50.84493445,1
725,202005040724,8560,Moorsele,3.1549318040629,50.84259085,1
726,202005040725,8560,Wevelgem,3.1864450062666,50.8121065,1
727,202005040726,8570,Anzegem,3.463734552107,50.844003,1
728,202005040727,8570,Gijzelbrechtegem,3.5060602,50.8279177,1
729,202005040728,8570,Ingooigem,3.4271837357678,50.8297876,1
730,202005040729,8570,Vichte,3.4068379,50.8353247,1
731,202005040730,8572,Kaster,3.4976090001837,50.8121917,1
732,202005040731,8573,Tiegem,3.4697738543929,50.8130531,1
733,202005040732,8580,Avelgem,3.4468985313677,50.7754997,1
734,202005040733,8581,Kerkhove,3.5058971661987,50.8008418,1
735,202005040734,8581,Waarmaarde,3.4854202,50.7903789,1
736,202005040735,8582,Outrijve,3.4257331809137,50.75868715,1
737,202005040736,8583,Bossuit,3.4080819304802,50.74804505,1
738,202005040737,8587,Espierres,3.3465264652837,50.72568025,1
739,202005040738,8587,Espierres-Helchin,3.3465264652837,50.72568025,1
740,202005040739,8587,Helchin,3.3837254,50.7300021,1
741,202005040740,8600,Beerst,2.873227743412,51.05367055,1
742,202005040741,8600,Diksmuide,2.8647185,51.0333408,1
743,202005040742,8600,Driekapellen,3.9855229,50.7059709,1
744,202005040743,8600,Esen,2.8990845692587,51.02078675,1
745,202005040744,8600,Kaaskerke,2.8387074,51.0358094,1
746,202005040745,8600,Keiem,2.8814585998043,51.08623835,1
747,202005040746,8600,Lampernisse,2.7703028703735,51.0396362,1
748,202005040747,8600,Leke,2.8993179258716,51.10066415,1
749,202005040748,8600,Nieuwkapelle,2.8042814087195,50.9974451,1
750,202005040749,8600,Oostkerke,2.7997074366181,51.04353425,1
751,202005040750,8600,Oudekapelle,2.8040816730756,51.0206897,1
752,202005040751,8600,Pervijze,2.7914713556336,51.08053165,1
753,202005040752,8600,Stuivekenskerke,2.823381776939,51.07690075,1
754,202005040753,8600,Vladslo,2.9207800886428,51.06253345,1
755,202005040754,8600,Woumen,2.8520595441482,50.99494815,1
756,202005040755,8610,Handzame,2.996075151704,51.0321939,1
757,202005040756,8610,Kortemark,3.0441178,51.0285109,1
758,202005040757,8610,Werken,2.9637026,51.0290062,1
759,202005040758,8610,Zarren,2.9597764,51.0181095,1
760,202005040759,8620,Nieuwpoort,2.7283986495034,51.14416005,1
761,202005040760,8620,Ramskapelle,2.7811249526825,51.10665355,1
762,202005040761,8620,Sint-Joris,2.7781339,51.1300222,1
763,202005040762,8630,Avekapelle,2.7457710712354,51.0631103,1
764,202005040763,8630,Booitshoeke,2.7399983485035,51.08832895,1
765,202005040764,8630,Bulskamp,2.6434487702288,51.0444613,1
766,202005040765,8630,De Moeren,2.5953950379549,51.03587905,1
767,202005040766,8630,Eggewaartskapelle,2.7298247748665,51.0495264,1
768,202005040767,8630,Houtem,2.604305716244,51.0069146,1
769,202005040768,8630,Steenkerke,2.6895389537109,51.0527661,1
770,202005040769,8630,Veurne,2.6548858237238,51.071043,1
771,202005040770,8630,Vinkem,2.6570581890086,51.01364415,1
772,202005040771,8630,Wulveringem,2.6550439487441,51.03030765,1
773,202005040772,8630,Zoutenaaie,2.7515311775286,51.05092295,1
774,202005040773,8640,Oostvleteren,2.7492224474635,50.92313355,1
775,202005040774,8640,Vleteren,2.7289867,50.930143,1
776,202005040775,8640,Westvleteren,2.7205508961772,50.9103823,1
777,202005040776,8640,Woesten,2.7887585311487,50.9035513,1
778,202005040777,8647,Lo,2.7607800723908,50.9931276,1
779,202005040778,8647,Lo-Reninge,2.7643391,50.9638066,1
780,202005040779,8647,Noordschote,2.8217318560837,50.9484727,1
781,202005040780,8647,Pollinkhove,2.7198585358008,50.9726562,1
782,202005040781,8647,Reninge,2.7771170853989,50.94228475,1
783,202005040782,8650,Houthulst,2.9438110508216,50.97407785,1
784,202005040783,8650,Klerken,2.9155135952546,50.99044185,1
785,202005040784,8650,Merkem,2.8736172801014,50.962074,1
786,202005040785,8660,Adinkerke,2.5896028375712,51.06926315,1
787,202005040786,8660,De Panne,2.5806696887141,51.09437775,1
788,202005040787,8670,Koksijde,2.6353426015022,51.1091101,1
789,202005040788,8670,Oostduinkerke,2.7012679966518,51.12531835,1
790,202005040789,8670,Wulpen,2.7073119164927,51.09779175,1
791,202005040790,8680,Bovekerke,2.9633414725432,51.05621365,1
792,202005040791,8680,Koekelare,2.9682187344976,51.0911765,1
793,202005040792,8680,Zande,2.9186353800579,51.1174383,1
794,202005040793,8690,Alveringem,2.7225688102727,51.01509585,1
795,202005040794,8690,Hoogstade,2.6903321,50.9800701,1
796,202005040795,8690,Oeren,2.7051716,51.0235332,1
797,202005040796,8690,Sint-Rijkers,2.6881434,50.9945231,1
798,202005040797,8691,Gijverinkhove,2.6727552,50.9761749,1
799,202005040798,8691,Izenberge,2.6608332486701,50.9896601,1
800,202005040799,8691,Leisele,2.622401,50.9844835,1
801,202005040800,8691,Stavele,2.673321,50.9398411,1
802,202005040801,8700,Aarsele,3.4139884196625,50.9972412,1
803,202005040802,8700,Kanegem,3.4035567083156,51.021401,1
804,202005040803,8700,Schuiferskapelle,3.3283107336881,51.03700665,1
805,202005040804,8700,Tielt,3.3414263284671,50.99996475,1
806,202005040805,8710,Ooigem,3.3304964142362,50.8949817,1
807,202005040806,8710,Sint-Baafs-Vijve,3.3862545030012,50.9245338,1
808,202005040807,8710,Wielsbeke,3.3604037488967,50.91140755,1
809,202005040808,8720,Dentergem,3.4022937173313,50.966125,1
810,202005040809,8720,Markegem,3.394380172379,50.95014795,1
811,202005040810,8720,Oeselgem,3.429680547389,50.94008805,1
812,202005040811,8720,Wakken,3.4009830853574,50.93483565,1
813,202005040812,8730,Beernem,3.3144732597608,51.12774395,1
814,202005040813,8730,Oedelem,3.3441122702909,51.166016,1
815,202005040814,8730,Sint-Joris,3.3646568393591,51.125095,1
816,202005040815,8740,Egem,3.2540634837689,51.0209559,1
817,202005040816,8740,Pittem,3.2622730034453,50.99996475,1
818,202005040817,8750,Wingene,3.2847683081115,51.06808895,1
819,202005040818,8750,Zwevezele,3.2053756921268,51.0422255,1
820,202005040819,8755,Ruiselede,3.3789495803068,51.062755,1
821,202005040820,8760,Meulebeke,3.2859605761212,50.9484788,1
822,202005040821,8770,Ingelmunster,3.2617189739329,50.92196635,1
823,202005040822,8780,Oostrozebeke,3.3468206372996,50.93434535,1
824,202005040823,8790,Waregem,3.4257380400092,50.87620025,1
825,202005040824,8791,Beveren,3.3427472358752,50.871701,1
826,202005040825,8792,Desselgem,3.3669119563274,50.88302825,1
827,202005040826,8793,Sint-Eloois-Vijve,3.4036062,50.9057236,1
828,202005040827,8800,Beveren,3.14416,50.9687312,1
829,202005040828,8800,Oekene,3.1627760972777,50.9042588,1
830,202005040829,8800,Roeselare,3.124765,50.9444948,1
831,202005040830,8800,Rumbeke,3.1223026883986,50.91511475,1
832,202005040831,8810,Lichtervelde,3.1422717715338,51.03033065,1
833,202005040832,8820,Torhout,3.0913072045454,51.0585915,1
834,202005040833,8830,Gits,3.1103285411089,50.9975916,1
835,202005040834,8830,Hooglede,3.0687215849639,50.98218015,1
836,202005040835,8840,Oostnieuwkerke,3.0641586047981,50.94159445,1
837,202005040836,8840,Staden,3.001340623187,50.97048785,1
838,202005040837,8840,Westrozebeke,3.0095525945894,50.933009,1
839,202005040838,8850,Ardooie,3.2045936674459,50.97076545,1
840,202005040839,8851,Koolskamp,3.2016142835313,51.0075272,1
841,202005040840,8860,Lendelede,3.2320134658174,50.8850661,1
842,202005040841,8870,Emelgem,3.2212852352972,50.9336597,1
843,202005040842,8870,Izegem,3.2090654210557,50.91382225,1
844,202005040843,8870,Kachtem,3.1890400909612,50.93988415,1
845,202005040844,8880,Ledegem,3.1176598783352,50.86898195,1
846,202005040845,8880,Rollegem-Kapelle,3.1510232055719,50.87005025,1
847,202005040846,8880,Sint-Eloois-Winkel,3.179116,50.8765142,1
848,202005040847,8890,Dadizele,3.1056665757612,50.84693275,1
849,202005040848,8890,Moorslede,3.0732075972642,50.89006565,1
850,202005040849,8900,Brielen,2.8475388,50.8689046,1
851,202005040850,8900,Dikkebus,2.8309734,50.8192065,1
852,202005040851,8900,Ieper,2.8914774512132,50.851808,1
853,202005040852,8900,Sint-Jan,2.9038085,50.8646017,1
854,202005040853,8902,Hollebeke,2.9383694,50.8056486,1
855,202005040854,8902,Voormezele,2.8757825,50.8169949,1
856,202005040855,8902,Zillebeke,2.9224029,50.8346385,1
857,202005040856,8904,Boezinge,2.8624482523982,50.89329445,1
858,202005040857,8904,Zuidschote,2.8285726,50.9129617,1
859,202005040858,8906,Elverdinge,2.8086072093094,50.88120105,1
860,202005040859,8908,Vlamertinge,2.8146596555515,50.84722495,1
861,202005040860,8920,Bikschote,2.863108835832,50.92504495,1
862,202005040861,8920,Langemark,2.912173087276,50.91011515,1
863,202005040862,8920,Langemark-Poelkapelle,2.9338635,50.9122567,1
864,202005040863,8920,Poelkapelle,2.9632606863338,50.9278167,1
865,202005040864,8930,Lauwe,3.1938978797182,50.78879055,1
866,202005040865,8930,Menen,3.1156565,50.7969879,1
867,202005040866,8930,Rekkem,3.1658835832872,50.7743769,1
868,202005040867,8940,Geluwe,3.0689009201802,50.826939,1
869,202005040868,8940,Wervik,3.0429882329964,50.79981455,1
870,202005040869,8950,Heuvelland,2.8457459110391,50.76764855,1
871,202005040870,8950,Nieuwkerke,2.8251932,50.7457387,1
872,202005040871,8951,Dranouter,2.7832991,50.7662832,1
873,202005040872,8952,Wulvergem,2.840869239241,50.7675035,1
874,202005040873,8953,Wijtschate,2.9126192876216,50.7832683,1
875,202005040874,8954,Westouter,2.7409610507934,50.8003371,1
876,202005040875,8956,Kemmel,2.8383675286243,50.7952131,1
877,202005040876,8957,Messines,2.9001214234264,50.7596526,1
878,202005040877,8958,Loker,2.7797309731213,50.78372855,1
879,202005040878,8970,Poperinge,2.7222592638771,50.84362245,1
880,202005040879,8970,Reningelst,2.7636029,50.8170498,1
881,202005040880,8972,Krombeke,2.6729063768433,50.9045753,1
882,202005040881,8972,Proven,2.6542871,50.8903437,1
883,202005040882,8972,Roesbrugge-Haringe,2.6262588,50.9150531,1
884,202005040883,8978,Watou,2.6449117149406,50.84518645,1
885,202005040884,8980,Beselare,3.0293494282427,50.85048855,1
886,202005040885,8980,Geluveld,2.9962568059484,50.8340552,1
887,202005040886,8980,Passendale,3.0054428297242,50.89915125,1
888,202005040887,8980,Zandvoorde,2.9770015427192,50.8151226,1
889,202005040888,8980,Zonnebeke,2.9874678,50.8731885,1
890,202005040889,9000,Gent,3.7141549000597,51.0397129,1
891,202005040890,9030,Mariakerke,3.6781210300259,51.0731177,1
892,202005040891,9031,Drongen,3.6395168043236,51.0528944,1
893,202005040892,9032,Wondelgem,3.7034612746567,51.09349535,1
894,202005040893,9040,Sint-Amandsberg,3.7488657,51.061875,1
895,202005040894,9041,Oostakker,3.7644128,51.1001986,1
896,202005040895,9042,Desteldonk,3.7836111,51.1221778,1
897,202005040896,9042,Mendonk,3.8221384,51.1467255,1
898,202005040897,9042,Sint-Kruis-Winkel,3.8234371,51.1541943,1
899,202005040898,9050,Gentbrugge,3.7588813,51.0447236,1
900,202005040899,9050,Ledeberg,3.7414088,51.0372053,1
901,202005040900,9051,Afsnee,3.6575415863856,51.0299989,1
902,202005040901,9051,Sint-Denijs-Westrem,3.6676767,51.0199405,1
903,202005040902,9052,Zwijnaarde,3.7021790930106,51.00092235,1
904,202005040903,9060,Zelzate,3.8105002,51.2000036,1
905,202005040904,9070,Destelbergen,3.7978887,51.0556204,1
906,202005040905,9070,Heusden,3.8003347,51.0287341,1
907,202005040906,9080,Beervelde,3.8792625,51.0802144,1
908,202005040907,9080,Lochristi,3.8271355,51.0991574,1
909,202005040908,9080,Zaffelare,3.8601634,51.1323736,1
910,202005040909,9080,Zeveneken,3.9000296,51.1078751,1
911,202005040910,9090,Gontrode,3.7976423,50.9842505,1
912,202005040911,9090,Melle,3.7988833,51.00303,1
913,202005040912,9100,Nieuwkerken-Waas,4.1780279,51.1933908,1
914,202005040913,9100,Sint-Niklaas,4.149464320724,51.163813060072,1
915,202005040914,9111,Belsele,4.0917750185456,51.1570236,1
916,202005040915,9112,Sinaai-Waas,3.9795579,51.1866966,1
917,202005040916,9120,Haasdonk,4.2383861,51.1806482,1
918,202005040917,9120,Kallo,4.2588008641609,51.2652143,1
919,202005040918,9120,Melsele,4.2821446,51.2211394,1
920,202005040919,9120,Vrasene,4.194377,51.2191283,1
921,202005040920,9130,Doel,4.2456374474582,51.3181461,1
922,202005040921,9130,Kallo,4.27803,51.2519515,1
923,202005040922,9130,Kieldrecht,4.1983386657846,51.3038751,1
924,202005040923,9130,Verrebroek,4.1871839695525,51.2540739,1
925,202005040924,9140,Elversele,4.1457568844955,51.12017065,1
926,202005040925,9140,Steendorp,4.2646567358993,51.1310863,1
927,202005040926,9140,Temse,4.2133505278525,51.1421436,1
928,202005040927,9140,Tielrode,4.1736809973609,51.12202775,1
929,202005040928,9150,Bazel,4.2873842506575,51.14685855,1
930,202005040929,9150,Kruibeke,4.3091107,51.1712275,1
931,202005040930,9150,Rupelmonde,4.2906315,51.1283692,1
932,202005040931,9160,Daknam,3.9808547859604,51.12798595,1
933,202005040932,9160,Eksaarde,3.965212,51.1487608,1
934,202005040933,9160,Lokeren,3.9911114,51.1042159,1
935,202005040934,9170,De Klinge,4.0898144,51.2564526,1
936,202005040935,9170,Meerdonk,4.1511549,51.2588943,1
937,202005040936,9170,Sint-Gillis-Waas,4.1233014,51.2180687,1
938,202005040937,9170,Sint-Pauwels,4.1016628795877,51.1939255,1
939,202005040938,9180,Moerbeke-Waas,3.9446436,51.1742698,1
940,202005040939,9185,Wachtebeke,3.8574284,51.1701927,1
941,202005040940,9190,Kemzeke,4.0771037,51.2065228,1
942,202005040941,9190,Stekene,4.0240412532131,51.2104744,1
943,202005040942,9200,Appels,4.0562275450955,51.02983825,1
944,202005040943,9200,Baasrode,4.1444016705284,51.03987315,1
945,202005040944,9200,Dendermonde,4.098112,51.0312293,1
946,202005040945,9200,Grembergen,4.1025435644905,51.0533487,1
947,202005040946,9200,Mespelare,4.0652617659305,50.99557415,1
948,202005040947,9200,Oudegem,4.0513674371884,51.0081807,1
949,202005040948,9200,Schoonaarde,4.0158906182168,50.9986902,1
950,202005040949,9200,Sint-Gillis-Dendermonde,4.1276622058379,51.0226035,1
951,202005040950,9220,Hamme,4.1202807810427,51.0881618,1
952,202005040951,9220,Moerzeke,4.1585956393745,51.06183125,1
953,202005040952,9230,Massemen,3.8735741,50.9809343,1
954,202005040953,9230,Westrem,3.8614248,50.9697855,1
955,202005040954,9230,Wetteren,3.8855494,51.0068804,1
956,202005040955,9240,Zele,4.0385864,51.0683621,1
957,202005040956,9250,Waasmunster,4.0842158,51.1097147,1
958,202005040957,9255,Buggenhout,4.192804319009,51.0113077,1
959,202005040958,9255,Opdorp,4.2213781726505,51.0286063,1
960,202005040959,9260,Schellebelle,3.928141226004,51.0102518,1
961,202005040960,9260,Serskamp,3.9309567805899,50.98997155,1
962,202005040961,9260,Wichelen,3.9806438098974,51.0020843,1
963,202005040962,9270,Kalken,3.918568,51.0370133,1
964,202005040963,9270,Laarne,3.8504738,51.029657,1
965,202005040964,9280,Denderbelle,4.0954432870762,51.0011357,1
966,202005040965,9280,Lebbeke,4.1307711,51.0004013,1
967,202005040966,9280,Wieze,4.0981810157403,50.9786275,1
968,202005040967,9290,Berlare,4.0113470297154,51.0301606,1
969,202005040968,9290,Overmere,3.9569121644559,51.05073005,1
970,202005040969,9290,Uitbergen,3.9639785004366,51.0278435,1
971,202005040970,9300,Aalst,4.0396424203486,50.9429755,1
972,202005040971,9308,Gijzegem,4.0413684723722,50.9831967,1
973,202005040972,9308,Hofstade,4.0298563154701,50.96682385,1
974,202005040973,9310,Baardegem,4.1400064082098,50.9559778,1
975,202005040974,9310,Herdersem,4.0687165350537,50.97349005,1
976,202005040975,9310,Meldert,4.1339380209476,50.93483295,1
977,202005040976,9310,Moorsel,4.1008746699882,50.95235015,1
978,202005040977,9320,Erembodegem,4.0573610045016,50.9160962,1
979,202005040978,9320,Nieuwerkerken,4.0060975097656,50.92226365,1
980,202005040979,9340,Impe,3.9521618,50.9605364,1
981,202005040980,9340,Lede,3.9775435,50.9660758,1
982,202005040981,9340,Oordegem,3.90209,50.9574043,1
983,202005040982,9340,Smetlede,3.9269566,50.9660712,1
984,202005040983,9340,Wanzele,3.9570133,50.9741595,1
985,202005040984,9400,Appelterre-Eichem,3.9673266115113,50.819114,1
986,202005040985,9400,Denderwindeke,4.0241352,50.7986183,1
987,202005040986,9400,Lieferinge,4.0533344,50.7918522,1
988,202005040987,9400,Nederhasselt,3.9750229,50.8463587,1
989,202005040988,9400,Ninove,4.0242373,50.8353611,1
990,202005040989,9400,Okegem,4.0561164,50.8563924,1
991,202005040990,9400,Voorde,3.9454543,50.8254777,1
992,202005040991,9401,Pollare,3.9969451,50.8168641,1
993,202005040992,9402,Meerbeke,4.0458501718008,50.81972985,1
994,202005040993,9403,Neigem,4.0606636,50.803005,1
995,202005040994,9404,Aspelare,3.9584406,50.8421637,1
996,202005040995,9406,Outer,3.9976558921405,50.84658595,1
997,202005040996,9420,Aaigem,3.9366909,50.8894174,1
998,202005040997,9420,Bambrugge,3.4154479,51.0545566,1
999,202005040998,9420,Burst,3.9203695,50.9136525,1
1000,202005040999,9420,Erondegem,3.9555369,50.9407226,1
1001,202005041000,9420,Erpe,3.976602,50.9333485,1
1002,202005041001,9420,Erpe-Mere,3.9459888,50.9226391,1
1003,202005041002,9420,Mere,3.9710267,50.923005,1
1004,202005041003,9420,Ottergem,3.9468882,50.9341483,1
1005,202005041004,9450,Denderhoutem,4.0059338596505,50.878059,1
1006,202005041005,9450,Haaltert,4.0057717,50.9022532,1
1007,202005041006,9450,Heldergem,3.9548012,50.8816742,1
1008,202005041007,9451,Kerksken,3.9792346670559,50.88457295,1
1009,202005041008,9470,Denderleeuw,4.0665468327116,50.8843903,1
1010,202005041009,9472,Iddergem,4.0440509206633,50.8746795,1
1011,202005041010,9473,Welle,4.0448599,50.9005405,1
1012,202005041011,9500,Geraardsbergen,3.879789,50.7689045,1
1013,202005041012,9500,Goeferdinge,3.8392513,50.7654043,1
1014,202005041013,9500,Moerbeke,3.9446436,51.1742698,1
1015,202005041014,9500,Nederboelare,3.8718226231289,50.78113635,1
1016,202005041015,9500,Onkerzele,3.9040294677949,50.77876845,1
1017,202005041016,9500,Ophasselt,3.897035,50.8218582,1
1018,202005041017,9500,Overboelare,3.8625157,50.7622936,1
1019,202005041018,9500,Viane,3.923884698906,50.7386591,1
1020,202005041019,9500,Zarlardinge,3.8252714980661,50.76432255,1
1021,202005041020,9506,Grimminge,3.9525416,50.7945316,1
1022,202005041021,9506,Idegem,3.9295308016087,50.8043243,1
1023,202005041022,9506,Nieuwenhove,3.9891935,50.7875051,1
1024,202005041023,9506,Schendelbeke,3.8989486,50.7968671,1
1025,202005041024,9506,Smeerebbe-Vloerzegem,3.9259210427614,50.81624535,1
1026,202005041025,9506,Waarbeke,3.968228,50.7779309,1
1027,202005041026,9506,Zandbergen,3.9673318,50.8013287,1
1028,202005041027,9520,Bavegem,3.8680104604272,50.9449691,1
1029,202005041028,9520,Oombergen,3.8381185,50.8988376,1
1030,202005041029,9520,Sint-Lievens-Houtem,3.8521321366835,50.91972825,1
1031,202005041030,9520,Vlierzele,3.9009360317784,50.935088,1
1032,202005041031,9520,Zonnegem,3.9163011372068,50.93017155,1
1033,202005041032,9521,Letterhoutem,3.8812597,50.92696,1
1034,202005041033,9550,Herzele,3.8873953834097,50.88830225,1
1035,202005041034,9550,Hillegem,3.853568,50.895806,1
1036,202005041035,9550,Sint-Antelinks,3.9249438,50.8495126,1
1037,202005041036,9550,Sint-Lievens-Esse,3.8871129,50.8553127,1
1038,202005041037,9550,Steenhuize-Wijnhuize,3.8903745,50.8411146,1
1039,202005041038,9550,Woubrechtegem,3.9158325,50.8726761,1
1040,202005041039,9551,Ressegem,3.9109808,50.8920791,1
1041,202005041040,9552,Borsbeke,3.8945771,50.9047179,1
1042,202005041041,9570,Deftinge,3.8409061,50.7863579,1
1043,202005041042,9570,Lierde,3.8249605,50.815045,1
1044,202005041043,9570,Sint-Maria-Lierde,3.8370299582538,50.8217365,1
1045,202005041044,9571,Hemelveerdegem,3.8638783508569,50.8088369,1
1046,202005041045,9572,Sint-Martens-Lierde,3.8157846440419,50.80452055,1
1047,202005041046,9600,Renaix,3.6020465,50.7476192,1
1048,202005041047,9620,Elene,3.8078492,50.8907864,1
1049,202005041048,9620,Erwetegem,3.8142328,50.8558332,1
1050,202005041049,9620,Godveerdegem,3.8204374,50.8594123,1
1051,202005041050,9620,Grotenberge,3.8333978,50.872305,1
1052,202005041051,9620,Leeuwergem,3.829278,50.8880639,1
1053,202005041052,9620,Oombergen,3.8381185,50.8988376,1
1054,202005041053,9620,Sint-Goriks-Oudenhove,3.7863829,50.8522592,1
1055,202005041054,9620,Sint-Maria-Oudenhove,3.7998568349562,50.82512665,1
1056,202005041055,9620,Strijpen,3.7893247,50.8690354,1
1057,202005041056,9620,Velzeke-Ruddershove,3.7825766,50.8824839,1
1058,202005041057,9620,Zottegem,3.8155460176798,50.86909165,1
1059,202005041058,9630,Beerlegem,3.719796314005,50.90267645,1
1060,202005041059,9630,Dikkele,3.7418503,50.9034583,1
1061,202005041060,9630,Hundelgem,3.7552865,50.8891513,1
1062,202005041061,9630,Meilegem,3.6992879,50.9051876,1
1063,202005041062,9630,Munkzwalm,3.7327378,50.8776841,1
1064,202005041063,9630,Paulatem,3.7148522,50.8963806,1
1065,202005041064,9630,Roborst,3.7535689,50.8636242,1
1066,202005041065,9630,Rozebeke,3.7533417,50.8488955,1
1067,202005041066,9630,Sint-Blasius-Boekel,3.7206404,50.8515679,1
1068,202005041067,9630,Sint-Denijs-Boekel,3.7130873,50.8660879,1
1069,202005041068,9630,Sint-Maria-Latem,3.7059521,50.890215,1
1070,202005041069,9630,Zwalm,3.719334,50.8793307,1
1071,202005041070,9636,Nederzwalm-Hermelgem,3.6879894099711,50.8867594,1
1072,202005041071,9660,Brakel,3.762778,50.7979739,1
1073,202005041072,9660,Elst,5.5556351,50.7685711,1
1074,202005041073,9660,Everbeek,3.7859967948024,50.7685909,1
1075,202005041074,9660,Michelbeke,3.7638335,50.834125,1
1076,202005041075,9660,Nederbrakel,3.7617767441185,50.8052186,1
1077,202005041076,9660,Opbrakel,3.7463234,50.7921614,1
1078,202005041077,9660,Sint-Maria-Oudenhove,3.7998568349562,50.82512665,1
1079,202005041078,9660,Zegelsem,3.7170799912553,50.8135755,1
1080,202005041079,9661,Parike,3.799316,50.7849168,1
1081,202005041080,9667,Horebeke,3.6920346,50.8348628,1
1082,202005041081,9667,Sint-Kornelis-Horebeke,3.6991826,50.8356339,1
1083,202005041082,9667,Sint-Maria-Horebeke,3.6875097,50.8383442,1
1084,202005041083,9680,Etikhove,3.625998,50.8129246,1
1085,202005041084,9680,Maarke-Kerkem,3.6489314,50.807217,1
1086,202005041085,9680,Maarkedal,3.642779,50.7973072,1
1087,202005041086,9681,Nukerke,3.5954667,50.7965606,1
1088,202005041087,9688,Schorisse,3.6782376,50.8061799,1
1089,202005041088,9690,Berchem,3.5082669,50.7903918,1
1090,202005041089,9690,Kluisbergen,3.5212498,50.7782986,1
1091,202005041090,9690,Kwaremont,3.5230939,50.7750908,1
1092,202005041091,9690,Ruien,3.4860074,50.7739701,1
1093,202005041092,9690,Zulzeke,3.569982,50.7912081,1
1094,202005041093,9700,Bevere,3.5955691,50.8513634,1
1095,202005041094,9700,Edelare,3.6281646,50.8316945,1
1096,202005041095,9700,Eine,3.6226347,50.8695429,1
1097,202005041096,9700,Ename,3.6317612,50.8553126,1
1098,202005041097,9700,Heurne,3.6405818,50.8878782,1
1099,202005041098,9700,Leupegem,3.6086057,50.8336184,1
1100,202005041099,9700,Mater,3.6636488,50.8428971,1
1101,202005041100,9700,Melden,3.5655354,50.8155547,1
1102,202005041101,9700,Mullem,3.6039655,50.8964155,1
1103,202005041102,9700,Nederename,3.6322868,50.8678376,1
1104,202005041103,9700,Ooike,3.5514004,50.8711812,1
1105,202005041104,9700,Oudenaarde,3.604782,50.8442604,1
1106,202005041105,9700,Volkegem,3.6356493,50.8408663,1
1107,202005041106,9700,Welden,3.6536587,50.8791033,1
1108,202005041107,9750,Huise,3.5907777,50.8988246,1
1109,202005041108,9750,Ouwegem,3.5978246,50.9121208,1
1110,202005041109,9750,Zingem,3.653793,50.9039326,1
1111,202005041110,9770,Kruishoutem,3.5404462768494,50.9200896,1
1112,202005041111,9771,Nokere,3.5108474,50.8853618,1
1113,202005041112,9772,Wannegem-Lede,3.5605794173077,50.8902386,1
1114,202005041113,9790,Elsegem,3.5366137,50.8247164,1
1115,202005041114,9790,Moregem,3.5623575,50.8503548,1
1116,202005041115,9790,Ooike,3.5514004,50.8711812,1
1117,202005041116,9790,Petegem-Aan-De-Schelde,3.5581136,50.8330877,1
1118,202005041117,9790,Wortegem,3.5101135,50.8533808,1
1119,202005041118,9790,Wortegem-Petegem,3.5329831121506,50.845989,1
1120,202005041119,9800,Astene,3.5628186,50.9845547,1
1121,202005041120,9800,Bachte-Maria-Leerne,3.5624453,51.0038237,1
1122,202005041121,9800,Deinze,3.5274017,50.9840526,1
1123,202005041122,9800,Gottem,3.4640122,50.9646883,1
1124,202005041123,9800,Grammene,3.468333,50.9764412,1
1125,202005041124,9800,Meigem,3.5413767,51.0175334,1
1126,202005041125,9800,Petegem-Aan-De-Leie,3.5324987,50.969075,1
1127,202005041126,9800,Sint-Martens-Leerne,3.5837978,51.0134905,1
1128,202005041127,9800,Vinkt,3.4808321,51.0078663,1
1129,202005041128,9800,Wontergem,3.4443004,50.9786839,1
1130,202005041129,9800,Zeveren,3.5031988,50.9967515,1
1131,202005041130,9810,Eke,3.6418029,50.9569377,1
1132,202005041131,9810,Nazareth,3.5963218,50.959802,1
1133,202005041132,9820,Bottelare,3.7552702,50.9635195,1
1134,202005041133,9820,Lemberge,3.7726469,50.9779856,1
1135,202005041134,9820,Melsen,3.6928827,50.9579283,1
1136,202005041135,9820,Merelbeke,3.7459119,50.9942924,1
1137,202005041136,9820,Munte,3.7445458,50.9452452,1
1138,202005041137,9820,Schelderode,3.7131906,50.9698809,1
1139,202005041138,9830,Sint-Martens-Latem,3.6306291238782,51.0134462,1
1140,202005041139,9831,Deurle,3.6111658724762,51.0000909,1
1141,202005041140,9840,De Pinte,3.6495958,50.9924205,1
1142,202005041141,9840,Zevergem,3.6943144,50.9786614,1
1143,202005041142,9850,Hansbeke,3.5345703,51.0747776,1
1144,202005041143,9850,Landegem,3.5888091437976,51.0546369,1
1145,202005041144,9850,Merendree,3.5715236988666,51.0829292,1
1146,202005041145,9850,Nevele,3.5491068,51.0330372,1
1147,202005041146,9850,Poesele,3.5117304815871,51.03238865,1
1148,202005041147,9850,Vosselare,3.5661276338188,51.0289033,1
1149,202005041148,9860,Balegem,3.7896135,50.9252028,1
1150,202005041149,9860,Gijzenzele,3.8164475,50.971061,1
1151,202005041150,9860,Landskouter,3.7928259,50.9694937,1
1152,202005041151,9860,Moortsele,3.7800022,50.9591122,1
1153,202005041152,9860,Oosterzele,3.8032713,50.9456388,1
1154,202005041153,9860,Scheldewindeke,3.78971,50.9392571,1
1155,202005041154,9870,Machelen,3.4858873,50.9591856,1
1156,202005041155,9870,Olsene,3.4651619,50.9357958,1
1157,202005041156,9870,Zulte,3.4485632,50.9206638,1
1158,202005041157,9880,Aalter,3.4176803282422,51.088195,1
1159,202005041158,9880,Lotenhulle,3.4596784,51.0497022,1
1160,202005041159,9880,Poeke,3.4455642,51.0414698,1
1161,202005041160,9881,Bellem,3.4994525656039,51.0902776,1
1162,202005041161,9890,Baaigem,3.721942,50.9309503,1
1163,202005041162,9890,Dikkelvenne,3.6894495,50.9176673,1
1164,202005041163,9890,Gavere,3.6614192,50.9292335,1
1165,202005041164,9890,Vurste,3.6845236,50.9459212,1
1166,202005041165,9900,Eeklo,3.5665965,51.1844827,1
1167,202005041166,9910,Knesselare,3.412339,51.1392692,1
1168,202005041167,9910,Ursel,3.4841052,51.1285879,1
1169,202005041168,9920,Lovendegem,3.6076129,51.0956807,1
1170,202005041169,9921,Vinderhoute,3.6412401,51.0876396,1
1171,202005041170,9930,Zomergem,3.5642436785112,51.1195778,1
1172,202005041171,9931,Oostwinkel,3.5253176,51.150867,1
1173,202005041172,9932,Ronsele,3.5532444,51.1303816,1
1174,202005041173,9940,Ertvelde,3.7471789,51.1793505,1
1175,202005041174,9940,Evergem,3.7078565,51.1087891,1
1176,202005041175,9940,Kluizen,3.732612,51.1547125,1
1177,202005041176,9940,Sleidinge,3.6789045,51.131929,1
1178,202005041177,9950,Waarschoot,3.6061712,51.1515304,1
1179,202005041178,9960,Assenede,3.7568076657628,51.23004155,1
1180,202005041179,9961,Boekhoute,3.7059614986083,51.2509311,1
1181,202005041180,9968,Bassevelde,3.6789952,51.2311917,1
1182,202005041181,9968,Oosteeklo,3.687828,51.1929943,1
1183,202005041182,9970,Kaprijke,3.6219251372375,51.228952,1
1184,202005041183,9971,Lembeke,3.6346312134542,51.19424,1
1185,202005041184,9980,Sint-Laureins,3.5374820679851,51.2330483,1
1186,202005041185,9981,Sint-Margriete,3.5315005565828,51.26767195,1
1187,202005041186,9982,Sint-Jan-In-Eremo,3.580094,51.2682182,1
1188,202005041187,9988,Waterland-Oudeman,3.5905485,51.2891181,1
1189,202005041188,9988,Watervliet,3.626982177111,51.2776499,1
1190,202005041189,9990,Maldegem,3.4154538,51.2263133,1
1191,202005041190,9991,Adegem,3.4858471,51.2035291,1
1192,202005041191,9992,Middelburg,3.4071425562584,51.25583235,1
1193,202005041192,9630,Hundelgem,3.7552865,50.8891513,1
1194,202005041193,9630,Meilegem,3.6992879,50.9051876,1
1195,202005041194,9630,Munkzwalm,3.7327378,50.8776841,1
1196,202005041195,9630,Paulatem,3.7148522,50.8963806,1
1197,202005041196,9630,Roborst,3.7535689,50.8636242,1
1198,202005041197,9630,Rozebeke,3.7533417,50.8488955,1
1199,202005041198,9630,Sint-Blasius-Boekel,3.7206404,50.8515679,1
1200,202005041199,9630,Sint-Denijs-Boekel,3.7130873,50.8660879,1
1201,202005041200,9630,Sint-Maria-Latem,3.7059521,50.890215,1
1202,202005041201,9630,Zwalm,3.719334,50.8793307,1
1203,202005041202,9636,Nederzwalm-Hermelgem,3.6879894099711,50.8867594,1
1204,202005041203,9660,Brakel,3.762778,50.7979739,1
1205,202005041204,9660,Elst,5.5556351,50.7685711,1
1206,202005041205,9660,Everbeek,3.7859967948024,50.7685909,1
1207,202005041206,9660,Michelbeke,3.7638335,50.834125,1
1208,202005041207,9660,Nederbrakel,3.7617767441185,50.8052186,1
1209,202005041208,9660,Opbrakel,3.7463234,50.7921614,1
1210,202005041209,9660,Sint-Maria-Oudenhove,3.7998568349562,50.82512665,1
1211,202005041210,9660,Zegelsem,3.7170799912553,50.8135755,1
1212,202005041211,9661,Parike,3.799316,50.7849168,1
1213,202005041212,9667,Horebeke,3.6920346,50.8348628,1
1214,202005041213,9667,Sint-Kornelis-Horebeke,3.6991826,50.8356339,1
1215,202005041214,9667,Sint-Maria-Horebeke,3.6875097,50.8383442,1
1216,202005041215,9680,Etikhove,3.625998,50.8129246,1
1217,202005041216,9680,Maarke-Kerkem,3.6489314,50.807217,1
1218,202005041217,9680,Maarkedal,3.642779,50.7973072,1
1219,202005041218,9681,Nukerke,3.5954667,50.7965606,1
1220,202005041219,9688,Schorisse,3.6782376,50.8061799,1
1221,202005041220,9690,Berchem,3.5082669,50.7903918,1
1222,202005041221,9690,Kluisbergen,3.5212498,50.7782986,1
1223,202005041222,9690,Kwaremont,3.5230939,50.7750908,1
1224,202005041223,9690,Ruien,3.4860074,50.7739701,1
1225,202005041224,9690,Zulzeke,3.569982,50.7912081,1
1226,202005041225,9700,Bevere,3.5955691,50.8513634,1
1227,202005041226,9700,Edelare,3.6281646,50.8316945,1
1228,202005041227,9700,Eine,3.6226347,50.8695429,1
1229,202005041228,9700,Ename,3.6317612,50.8553126,1
1230,202005041229,9700,Heurne,3.6405818,50.8878782,1
1231,202005041230,9700,Leupegem,3.6086057,50.8336184,1
1232,202005041231,9700,Mater,3.6636488,50.8428971,1
1233,202005041232,9700,Melden,3.5655354,50.8155547,1
1234,202005041233,9700,Mullem,3.6039655,50.8964155,1
1235,202005041234,9700,Nederename,3.6322868,50.8678376,1
1236,202005041235,9700,Ooike,3.5514004,50.8711812,1
1237,202005041236,9700,Oudenaarde,3.604782,50.8442604,1
1238,202005041237,9700,Volkegem,3.6356493,50.8408663,1
1239,202005041238,9700,Welden,3.6536587,50.8791033,1
1240,202005041239,9750,Huise,3.5907777,50.8988246,1
1241,202005041240,9750,Ouwegem,3.5978246,50.9121208,1
1242,202005041241,9750,Zingem,3.653793,50.9039326,1
1243,202005041242,9770,Kruishoutem,3.5404462768494,50.9200896,1
1244,202005041243,9771,Nokere,3.5108474,50.8853618,1
1245,202005041244,9772,Wannegem-Lede,3.5605794173077,50.8902386,1
1246,202005041245,9790,Elsegem,3.5366137,50.8247164,1
1247,202005041246,9790,Moregem,3.5623575,50.8503548,1
1248,202005041247,9790,Ooike,3.5514004,50.8711812,1
1249,202005041248,9790,Petegem-Aan-De-Schelde,3.5581136,50.8330877,1
1250,202005041249,9790,Wortegem,3.5101135,50.8533808,1
1251,202005041250,9790,Wortegem-Petegem,3.5329831121506,50.845989,1
1252,202005041251,9800,Astene,3.5628186,50.9845547,1
1253,202005041252,9800,Bachte-Maria-Leerne,3.5624453,51.0038237,1
1254,202005041253,9800,Deinze,3.5274017,50.9840526,1
1255,202005041254,9800,Gottem,3.4640122,50.9646883,1
1256,202005041255,9800,Grammene,3.468333,50.9764412,1
1257,202005041256,9800,Meigem,3.5413767,51.0175334,1
1258,202005041257,9800,Petegem-Aan-De-Leie,3.5324987,50.969075,1
1259,202005041258,9800,Sint-Martens-Leerne,3.5837978,51.0134905,1
1260,202005041259,9800,Vinkt,3.4808321,51.0078663,1
1261,202005041260,9800,Wontergem,3.4443004,50.9786839,1
1262,202005041261,9800,Zeveren,3.5031988,50.9967515,1
1263,202005041262,9810,Eke,3.6418029,50.9569377,1
1264,202005041263,9810,Nazareth,3.5963218,50.959802,1
1265,202005041264,9820,Bottelare,3.7552702,50.9635195,1
1266,202005041265,9820,Lemberge,3.7726469,50.9779856,1
1267,202005041266,9820,Melsen,3.6928827,50.9579283,1
1268,202005041267,9820,Merelbeke,3.7459119,50.9942924,1
1269,202005041268,9820,Munte,3.7445458,50.9452452,1
1270,202005041269,9820,Schelderode,3.7131906,50.9698809,1
1271,202005041270,9830,Sint-Martens-Latem,3.6306291238782,51.0134462,1
1272,202005041271,9831,Deurle,3.6111658724762,51.0000909,1
1273,202005041272,9840,De Pinte,3.6495958,50.9924205,1
1274,202005041273,9840,Zevergem,3.6943144,50.9786614,1
1275,202005041274,9850,Hansbeke,3.5345703,51.0747776,1
1276,202005041275,9850,Landegem,3.5888091437976,51.0546369,1
1277,202005041276,9850,Merendree,3.5715236988666,51.0829292,1
1278,202005041277,9850,Nevele,3.5491068,51.0330372,1
1279,202005041278,9850,Poesele,3.5117304815871,51.03238865,1
1280,202005041279,9850,Vosselare,3.5661276338188,51.0289033,1
1281,202005041280,9860,Balegem,3.7896135,50.9252028,1
1282,202005041281,9860,Gijzenzele,3.8164475,50.971061,1
1283,202005041282,9860,Landskouter,3.7928259,50.9694937,1
1284,202005041283,9860,Moortsele,3.7800022,50.9591122,1
1285,202005041284,9860,Oosterzele,3.8032713,50.9456388,1
1286,202005041285,9860,Scheldewindeke,3.78971,50.9392571,1
1287,202005041286,9870,Machelen,3.4858873,50.9591856,1
1288,202005041287,9870,Olsene,3.4651619,50.9357958,1
1289,202005041288,9870,Zulte,3.4485632,50.9206638,1
1290,202005041289,9880,Aalter,3.4176803282422,51.088195,1
1291,202005041290,9880,Lotenhulle,3.4596784,51.0497022,1
1292,202005041291,9880,Poeke,3.4455642,51.0414698,1
1293,202005041292,9881,Bellem,3.4994525656039,51.0902776,1
1294,202005041293,9890,Baaigem,3.721942,50.9309503,1
1295,202005041294,9890,Dikkelvenne,3.6894495,50.9176673,1
1296,202005041295,9890,Gavere,3.6614192,50.9292335,1
1297,202005041296,9890,Vurste,3.6845236,50.9459212,1
1298,202005041297,9900,Eeklo,3.5665965,51.1844827,1
1299,202005041298,9910,Knesselare,3.412339,51.1392692,1
1300,202005041299,9910,Ursel,3.4841052,51.1285879,1
1301,202005041300,9920,Lovendegem,3.6076129,51.0956807,1
1302,202005041301,9921,Vinderhoute,3.6412401,51.0876396,1
1303,202005041302,9930,Zomergem,3.5642436785112,51.1195778,1
1304,202005041303,9931,Oostwinkel,3.5253176,51.150867,1
1305,202005041304,9932,Ronsele,3.5532444,51.1303816,1
1306,202005041305,9940,Ertvelde,3.7471789,51.1793505,1
1307,202005041306,9940,Evergem,3.7078565,51.1087891,1
1308,202005041307,9940,Kluizen,3.732612,51.1547125,1
1309,202005041308,9940,Sleidinge,3.6789045,51.131929,1
1310,202005041309,9950,Waarschoot,3.6061712,51.1515304,1
1311,202005041310,9960,Assenede,3.7568076657628,51.23004155,1
1312,202005041311,9961,Boekhoute,3.7059614986083,51.2509311,1
1313,202005041312,9968,Bassevelde,3.6789952,51.2311917,1
1314,202005041313,9968,Oosteeklo,3.687828,51.1929943,1
1315,202005041314,9970,Kaprijke,3.6219251372375,51.228952,1
1316,202005041315,9971,Lembeke,3.6346312134542,51.19424,1
1317,202005041316,9980,Sint-Laureins,3.5374820679851,51.2330483,1
1318,202005041317,9981,Sint-Margriete,3.5315005565828,51.26767195,1
1319,202005041318,9982,Sint-Jan-In-Eremo,3.580094,51.2682182,1
1320,202005041319,9988,Waterland-Oudeman,3.5905485,51.2891181,1
1321,202005041320,9988,Watervliet,3.626982177111,51.2776499,1
1322,202005041321,9990,Maldegem,3.4154538,51.2263133,1
1323,202005041322,9991,Adegem,3.4858471,51.2035291,1
1324,202005041323,9992,Middelburg,3.4071425562584,51.25583235,1
1325,202005041324,9890,Gavere,3.6614192,50.9292335,1
1326,202005041325,9890,Vurste,3.6845236,50.9459212,1
1327,202005041326,9900,Eeklo,3.5665965,51.1844827,1
1328,202005041327,9910,Knesselare,3.412339,51.1392692,1
1329,202005041328,9910,Ursel,3.4841052,51.1285879,1
1330,202005041329,9920,Lovendegem,3.6076129,51.0956807,1
1331,202005041330,9921,Vinderhoute,3.6412401,51.0876396,1
1332,202005041331,9930,Zomergem,3.5642436785112,51.1195778,1
1333,202005041332,9931,Oostwinkel,3.5253176,51.150867,1
1334,202005041333,9932,Ronsele,3.5532444,51.1303816,1
1335,202005041334,9940,Ertvelde,3.7471789,51.1793505,1
1336,202005041335,9940,Evergem,3.7078565,51.1087891,1
1337,202005041336,9940,Kluizen,3.732612,51.1547125,1
1338,202005041337,9940,Sleidinge,3.6789045,51.131929,1
1339,202005041338,9950,Waarschoot,3.6061712,51.1515304,1
1340,202005041339,9960,Assenede,3.7568076657628,51.23004155,1
1341,202005041340,9961,Boekhoute,3.7059614986083,51.2509311,1
1342,202005041341,9968,Bassevelde,3.6789952,51.2311917,1
1343,202005041342,9968,Oosteeklo,3.687828,51.1929943,1
1344,202005041343,9970,Kaprijke,3.6219251372375,51.228952,1
1345,202005041344,9971,Lembeke,3.6346312134542,51.19424,1
1346,202005041345,9980,Sint-Laureins,3.5374820679851,51.2330483,1
1347,202005041346,9981,Sint-Margriete,3.5315005565828,51.26767195,1
1348,202005041347,9982,Sint-Jan-In-Eremo,3.580094,51.2682182,1
1349,202005041348,9988,Waterland-Oudeman,3.5905485,51.2891181,1
1350,202005041349,9988,Watervliet,3.626982177111,51.2776499,1
1351,202005041350,9990,Maldegem,3.4154538,51.2263133,1
1352,202005041351,9991,Adegem,3.4858471,51.2035291,1
1353,202005041352,9992,Middelburg,3.4071425562584,51.25583235,1
1354,202005041353,2980,Halle,4.6455565344486,51.2428446,1
1355,202005041354,2980,Zoersel,4.7132557,51.2716725,1
1356,202005041355,2990,Loenhout,4.6428328,51.3994474,1
1357,202005041356,2990,Wuustwezel,4.5651743450402,51.38525,1
1358,202005041357,3000,Leuven,4.6929903215189,50.8812533,1
1359,202005041358,3001,Heverlee,4.6931307510281,50.85172925,1
1360,202005041359,3010,Kessel Lo,4.7307614946269,50.88991545,1
1361,202005041360,3012,Wilsele,4.7136294,50.9095362,1
1362,202005041361,3018,Wijgmaal,4.7001214,50.926428,1
1363,202005041362,3020,Herent,4.672714,50.9079329,1
1364,202005041363,3020,Veltem-Beisem,4.6255138,50.9020979,1
1365,202005041364,3020,Winksele,4.6404471957661,50.9124843,1
1366,202005041365,3040,Huldenberg,4.5828587400028,50.7950895,1
1367,202005041366,3040,Loonbeek,4.6067572,50.8070345,1
1368,202005041367,3040,Neerijse,4.6290291125613,50.81115135,1
1369,202005041368,3040,Ottenburg,4.6258024576448,50.7540955,1
1370,202005041369,3040,Sint-Agatha-Rode,4.6329556561262,50.7794761,1
1371,202005041370,3050,Oud-Heverlee,4.6678971,50.8217682,1
1372,202005041371,3051,Sint-Joris-Weert,4.6458289787229,50.8051035,1
1373,202005041372,3052,Blanden,4.7056796612254,50.8281673,1
1374,202005041373,3053,Haasrode,4.7283706944623,50.81785645,1
1375,202005041374,3054,Vaalbeek,4.6852713590102,50.82408165,1
1376,202005041375,3060,Bertem,4.6322907,50.8706469,1
1377,202005041376,3060,Korbeek-Dijle,4.6299439737893,50.847010125156,1
1378,202005041377,3061,Leefdaal,4.5905043649411,50.8419887,1
1379,202005041378,3070,Kortenberg,4.5364707039624,50.88326665,1
1380,202005041379,3071,Erps-Kwerps,4.5750864125531,50.9104969,1
1381,202005041380,3078,Everberg,4.5545949589597,50.87266065,1
1382,202005041381,3078,Meerbeek,4.5972692536847,50.8782935,1
1383,202005041382,3080,Duisburg,4.545208431698,50.8110528,1
1384,202005041383,3080,Tervuren,4.5144027,50.8227718,1
1385,202005041384,3080,Vossem,4.5565660886042,50.83488335,1
1386,202005041385,3090,Overijse,4.5385226,50.7729254,1
1387,202005041386,3110,Rotselaar,4.7143205960258,50.9543637,1
1388,202005041387,3111,Wezemaal,4.7683306885409,50.9482552,1
1389,202005041388,3118,Werchter,4.7026877230529,50.9707189,1
1390,202005041389,3120,Tremelo,4.6755134,50.9900457,1
1391,202005041390,1070,Anderlecht,4.3123401,50.8381411,1
1392,202005041391,1070,Anderlecht,4.3123401,50.8381411,1
1393,202005041392,1070,Anderlecht,4.3123401,50.8381411,1
1394,202005041393,1070,Anderlecht,4.3123401,50.8381411,1
1395,202005041394,1070,Anderlecht,4.3123401,50.8381411,1
